,gpsLat,gpsLong,file_year,patent_year
0,,,2017,2018
1,,,2016,2018
2,,,2006,2018
3,,,2016,2018
4,41.402984,2.1196052,2016,2018
5,,,2014,2018
6,,,2012,2018
7,42.3582393,-71.09663495185691,2011,2018
8,,,2015,2018
9,,,2016,2018
10,,,2014,2018
11,,,2016,2018
12,,,2016,2018
13,,,2015,2018
14,,,2015,2018
15,35.7355383,139.6384275,2010,2018
16,,,2015,2018
17,,,2016,2018
18,,,2016,2018
19,,,2014,2018
20,40.6055493,-91.3845766,2016,2018
21,,,2016,2018
22,41.07573825,-81.51145320375983,2013,2018
23,,,2015,2018
24,,,2016,2018
25,,,2016,2018
26,,,2016,2018
27,48.11920765,-1.696073977992143,2012,2018
28,,,2013,2018
29,,,2015,2018
30,,,2016,2018
31,42.40649125,-71.11800725402092,2013,2018
32,,,2014,2018
33,,,2016,2018
34,,,2013,2018
35,,,2016,2018
36,,,2011,2018
37,,,2015,2018
38,,,2017,2018
39,,,2012,2018
40,,,2015,2018
41,,,2016,2018
42,,,2016,2018
43,36.14380105,-86.80281889095295,2016,2018
44,32.443117650000005,-81.77150420329532,2013,2018
45,,,2015,2018
46,42.450550699999994,-76.47835129554275,2012,2018
47,41.6582432,-83.61478734161769,2016,2018
48,41.6582432,-83.61478734161769,2016,2018
49,,,2012,2018
50,,,2017,2018
51,40.7421254,-74.17903159685589,2016,2018
52,,,2014,2018
53,,,2016,2018
54,40.5860647,-74.6318976,2014,2018
55,43.014042200000006,-83.71399843350707,2014,2018
56,,,2014,2018
57,,,2017,2018
58,,,2014,2018
59,,,2012,2018
60,,,2014,2018
61,,,2017,2018
62,,,2013,2018
63,42.3582393,-71.09663495185691,2013,2018
64,,,2015,2018
65,40.7595245,-73.8324278,2016,2018
66,,,2014,2018
67,,,2015,2018
68,,,2017,2018
69,,,2015,2018
70,1.2962018,103.77689943784759,2014,2018
71,,,2016,2018
72,,,2014,2018
73,,,2015,2018
74,,,2012,2018
75,,,2016,2018
76,,,2013,2018
77,,,2016,2018
78,,,2018,2018
79,,,2009,2018
80,,,2013,2018
81,,,2016,2018
82,,,2016,2018
83,,,2015,2018
84,37.7629032,-122.4661096,2016,2018
85,40.84431,-81.375651,2016,2018
86,40.84431,-81.375651,2016,2018
87,,,2012,2018
88,46.0442026,6.3067338,2010,2018
89,,,2018,2018
90,,,2014,2018
91,,,2016,2018
92,,,2013,2018
93,,,2016,2018
94,,,2017,2018
95,36.77950495,-76.09297200361628,2017,2018
96,,,2014,2018
97,41.2381017,-85.8530544,2017,2018
98,,,2016,2018
99,,,2016,2018
100,44.83098,-0.5700867,2015,2018
101,,,2014,2018
102,,,2017,2018
103,29.825009,-95.478675,2014,2018
104,,,2015,2018
105,,,2018,2018
106,,,2016,2018
107,,,2009,2018
108,,,2015,2018
109,,,2015,2018
110,,,2015,2018
111,,,2015,2018
112,,,2016,2018
113,36.77950495,-76.09297200361628,2014,2018
114,,,2016,2018
115,,,2016,2018
116,,,2016,2018
117,,,2016,2018
118,,,2015,2018
119,,,2016,2018
120,,,2016,2018
121,,,2013,2018
122,40.444189699999995,-79.94271918393466,2014,2018
123,37.38266525,-121.92966247432815,2015,2018
124,29.825009,-95.478675,2017,2018
125,,,2017,2018
126,,,2015,2018
127,,,2014,2019
128,,,2014,2019
129,,,2017,2019
130,,,2016,2019
131,38.9034613,-77.0693577,2014,2019
132,,,2012,2019
133,,,2016,2019
134,,,2017,2019
135,,,2016,2019
136,42.2538509,-72.3596157,2016,2019
137,,,2014,2019
138,,,2014,2019
139,,,2012,2019
140,,,2015,2019
141,,,2015,2019
142,,,2014,2019
143,,,2015,2019
144,33.2098879,-97.15147474975808,2016,2019
145,34.0218833,-118.28586726915088,2014,2019
146,,,2013,2019
147,,,2015,2019
148,,,2011,2019
149,,,2016,2019
150,,,2014,2019
151,,,2015,2019
152,,,2017,2019
153,,,2016,2019
154,,,2017,2019
155,,,2015,2019
156,,,2015,2019
157,,,2015,2019
158,37.38266525,-121.92966247432815,2016,2019
159,,,2015,2019
160,41.07573825,-81.51145320375983,2015,2019
161,,,2015,2019
162,,,2014,2019
163,,,2018,2019
164,,,2014,2019
165,38.9034613,-77.0693577,2015,2019
166,40.5860647,-74.6318976,2010,2019
167,,,2013,2019
168,,,2016,2019
169,,,2016,2019
170,41.2664307,-85.84022142296082,2016,2019
171,-8.0425107,-34.9074638,2016,2019
172,,,2015,2019
173,,,2006,2019
174,,,2013,2019
175,,,2015,2019
176,,,2016,2019
177,,,2013,2019
178,,,2017,2019
179,36.77950495,-76.09297200361628,2017,2019
180,,,2013,2019
181,,,2015,2019
182,,,2018,2019
183,,,2016,2019
184,39.33020225,-76.62185357858337,2014,2019
185,,,2018,2019
186,42.36461215,-71.09019956085477,2016,2019
187,34.0218833,-118.28586726915088,2007,2019
188,32.900947,-117.2179154492377,2015,2019
189,,,2011,2019
190,,,2013,2019
191,40.7595245,-73.8324278,2016,2019
192,,,2016,2019
193,,,2012,2019
194,,,2011,2019
195,40.190796,-74.677988,2017,2019
196,,,2015,2019
197,29.825009,-95.478675,2018,2019
198,,,2016,2019
199,,,2013,2019
200,,,2015,2019
201,,,2011,2019
202,,,2014,2019
203,,,2013,2019
204,,,2018,2019
205,,,2015,2019
206,29.7104775,-95.39580027495086,2013,2019
207,,,2018,2019
208,,,2016,2019
209,,,2017,2019
210,,,2016,2019
211,,,2014,2019
212,,,2010,2019
213,,,2016,2019
214,,,2016,2019
215,29.825009,-95.478675,2015,2019
216,,,2018,2019
217,40.84431,-81.375651,2016,2019
218,,,2014,2019
219,,,2018,2019
220,,,2017,2019
221,,,2017,2019
222,,,2017,2019
223,,,2017,2019
224,,,2013,2019
225,,,2015,2019
226,,,2016,2019
227,,,2018,2019
228,38.130839,-78.901363,2017,2019
229,,,2017,2019
230,,,2015,2019
231,29.825009,-95.478675,2018,2019
232,42.3582393,-71.09663495185691,2013,2019
233,45.7953952,-111.18186669488554,2015,2019
234,,,2014,2019
235,41.2664307,-85.84022142296082,2015,2019
236,48.11920765,-1.696073977992143,2014,2019
237,,,2018,2019
238,,,2017,2019
239,,,2017,2019
240,33.791570300000004,-84.31837261650668,2016,2019
241,,,2016,2019
242,,,2016,2019
243,29.825009,-95.478675,2018,2019
244,,,2018,2019
245,,,2017,2019
246,,,2015,2019
247,,,2015,2019
248,,,2014,2019
249,,,2017,2019
250,,,2016,2019
251,40.5860647,-74.6318976,2016,2019
252,,,2011,2019
253,36.77950495,-76.09297200361628,2018,2019
254,,,2018,2019
255,,,2016,2019
256,,,2017,2019
257,,,2018,2019
258,37.3220957,-121.823653,2017,2019
259,,,2016,2019
260,,,2015,2019
261,,,2017,2019
262,41.82175755,-72.24277535505323,2017,2019
263,42.361725699999994,-71.09617879812217,2016,2019
264,40.7595245,-73.8324278,2016,2019
265,,,2017,2019
266,,,2017,2019
267,,,2018,2019
268,,,2018,2019
269,,,2014,2019
270,1.2962018,103.77689943784759,2011,2019
271,,,2016,2019
272,,,2017,2019
273,,,2015,2019
274,,,2017,2019
275,,,2018,2019
276,40.2337347,-76.7797987,2017,2019
277,,,2016,2019
278,,,2015,2019
279,40.84431,-81.375651,2013,2019
280,,,2009,2019
281,,,2015,2019
282,,,2011,2019
283,,,2017,2019
284,,,2016,2019
285,,,2018,2019
286,40.84431,-81.375651,2013,2019
287,,,2016,2019
288,,,2014,2019
289,,,2018,2019
290,,,2016,2019
291,,,2017,2019
292,41.6582432,-83.61478734161769,2013,2019
293,,,2013,2019
294,,,2017,2019
295,,,2017,2019
296,,,2016,2019
297,40.7595245,-73.8324278,2016,2019
298,,,2012,2019
299,41.2664307,-85.84022142296082,2017,2019
300,,,2012,2019
301,42.0551164,-87.67581113482166,2015,2019
302,37.6535403,-122.4168664,2016,2019
303,,,2016,2019
304,,,2017,2019
305,,,2017,2019
306,,,2016,2019
307,,,2015,2019
308,,,2016,2019
309,,,2013,2019
310,37.6535403,-122.4168664,2016,2019
311,36.77950495,-76.09297200361628,2013,2019
312,,,2018,2019
313,,,2018,2019
314,29.825009,-95.478675,2019,2019
315,43.017112850000004,-76.11855360009726,2017,2019
316,,,2018,2019
317,41.6582432,-83.61478734161769,2012,2019
318,,,2013,2019
319,37.3220957,-121.823653,2017,2019
320,37.3220957,-121.823653,2017,2019
321,,,2014,2019
322,,,2018,2019
323,,,2017,2019
324,,,2017,2019
325,40.190796,-74.677988,2016,2019
326,,,2016,2019
327,,,2018,2019
328,,,2014,2019
329,,,2016,2019
330,,,2017,2019
331,,,2016,2019
332,,,2017,2019
333,,,2016,2019
334,,,2017,2019
335,,,2012,2019
336,,,2018,2019
337,,,2016,2019
338,,,2017,2019
339,,,2008,2019
340,,,2016,2019
341,29.825009,-95.478675,2019,2019
342,,,2015,2019
343,,,2017,2019
344,,,2018,2019
345,,,2016,2019
346,38.899893750000004,-77.04744828062584,2015,2019
347,,,2018,2019
348,,,2017,2019
349,,,2017,2019
350,,,2015,2019
351,,,2016,2019
352,,,2017,2019
353,,,2015,2019
354,,,2009,2019
355,,,2016,2019
356,35.655730250000005,-97.47032859449375,2015,2019
357,39.2575265,-84.3832206866111,2011,2019
358,,,2016,2019
359,,,2017,2019
360,40.7421254,-74.17903159685589,2016,2019
361,,,2017,2019
362,,,2016,2019
363,,,2016,2019
364,,,2017,2019
365,,,2011,2019
366,37.6535403,-122.4168664,2016,2019
367,,,2014,2019
368,,,2017,2019
369,,,2015,2019
370,41.6582432,-83.61478734161769,2015,2019
371,,,2017,2019
372,,,2016,2019
373,,,2013,2019
374,,,2016,2019
375,,,2017,2019
376,,,2018,2019
377,,,2018,2019
378,,,2017,2019
379,,,2016,2019
380,33.791570300000004,-84.31837261650668,2015,2019
381,47.6543238,-122.30800894320257,2016,2019
382,,,2017,2019
383,,,2017,2019
384,,,2018,2019
385,,,2012,2019
386,,,2011,2019
387,,,2018,2019
388,,,2017,2019
389,,,2015,2019
390,,,2016,2019
391,,,2016,2019
392,,,2017,2019
393,,,2016,2019
394,40.7595245,-73.8324278,2016,2019
395,,,2017,2019
396,,,2016,2019
397,42.3582393,-71.09663495185691,2014,2019
398,,,2018,2019
399,,,2017,2019
400,,,2018,2019
401,,,2018,2019
402,39.33020225,-76.62185357858337,2017,2019
403,,,2015,2019
404,38.99203005,-76.94610290199051,2017,2019
405,,,2015,2019
406,,,2017,2019
407,,,2011,2019
408,,,2017,2019
409,47.3828983,8.5481283,2016,2019
410,29.825009,-95.478675,2018,2019
411,,,2016,2019
412,,,2017,2019
413,,,2015,2019
414,39.33020225,-76.62185357858337,2016,2019
415,34.0218833,-118.28586726915088,2012,2019
416,,,2019,2019
417,,,2013,2019
418,,,2015,2019
419,,,2017,2019
420,45.7953952,-111.18186669488554,2015,2019
421,,,2016,2019
422,,,2012,2019
423,,,2016,2019
424,,,2010,2019
425,,,2016,2019
426,,,2017,2019
427,39.2575265,-84.3832206866111,2012,2019
428,,,2018,2019
429,,,2016,2019
430,,,2016,2019
431,42.450550699999994,-76.47835129554275,2015,2019
432,,,2017,2019
433,,,2017,2019
434,,,2018,2019
435,,,2019,2019
436,,,2014,2019
437,,,2017,2019
438,,,2014,2019
439,,,2016,2019
440,,,2016,2019
441,,,2018,2019
442,,,2014,2019
443,,,2015,2019
444,37.38266525,-121.92966247432815,2019,2019
445,,,2016,2019
446,,,2015,2019
447,,,2018,2019
448,,,2018,2019
449,,,2017,2019
450,,,2017,2019
451,,,2018,2019
452,,,2018,2019
453,,,2018,2019
454,,,2018,2019
455,,,2017,2019
456,40.7241444,-73.5604575,2017,2019
457,,,2015,2019
458,,,2014,2019
459,40.4929271,-74.44520167306827,2015,2020
460,,,2017,2020
461,,,2007,2020
462,,,2018,2020
463,,,2015,2020
464,,,2014,2020
465,,,2015,2020
466,,,2014,2020
467,,,2016,2020
468,,,2015,2020
469,,,2017,2020
470,,,2015,2020
471,,,2017,2020
472,33.791570300000004,-84.31837261650668,2017,2020
473,,,2017,2020
474,,,2017,2020
475,41.2664307,-85.84022142296082,2014,2020
476,,,2015,2020
477,,,2014,2020
478,,,2014,2020
479,,,2014,2020
480,,,2016,2020
481,,,2017,2020
482,,,2017,2020
483,,,2018,2020
484,,,2017,2020
485,,,2017,2020
486,,,2016,2020
487,40.2337347,-76.7797987,2017,2020
488,,,2018,2020
489,,,2019,2020
490,,,2017,2020
491,,,2018,2020
492,,,2019,2020
493,,,2017,2020
494,,,2014,2020
495,,,2016,2020
496,,,2017,2020
497,,,2018,2020
498,,,2015,2020
499,,,2017,2020
500,,,2016,2020
501,40.190796,-74.677988,2019,2020
502,,,2017,2020
503,,,2012,2020
504,,,2016,2020
505,,,2017,2020
506,,,2018,2020
507,48.60508495,7.71274395,2016,2020
508,42.0551164,-87.67581113482166,2015,2020
509,,,2015,2020
510,,,2016,2020
511,41.2664307,-85.84022142296082,2018,2020
512,26.6946225,-81.5743277,2018,2020
513,,,2019,2020
514,,,2016,2020
515,,,2018,2020
516,,,2018,2020
517,,,2015,2020
518,,,2018,2020
519,38.634807,-90.258941,2017,2020
520,,,2017,2020
521,29.825009,-95.478675,2019,2020
522,,,2017,2020
523,,,2016,2020
524,,,2017,2020
525,,,2017,2020
526,,,2018,2020
527,,,2016,2020
528,,,2016,2020
529,,,2018,2020
530,,,2017,2020
531,,,2017,2020
532,,,2008,2020
533,,,2016,2020
534,,,2016,2020
535,,,2015,2020
536,,,2018,2020
537,,,2015,2020
538,,,2018,2020
539,,,2018,2020
540,53.27643085,-9.058329222057601,2012,2020
541,,,2018,2020
542,,,2017,2020
543,,,2016,2020
544,,,2018,2020
545,,,2017,2020
546,,,2018,2020
547,,,2017,2020
548,40.7595245,-73.8324278,2017,2020
549,42.35720515,-83.07094978691399,2016,2020
550,,,2015,2020
551,,,2017,2020
552,35.655730250000005,-97.47032859449375,2019,2020
553,,,2018,2020
554,,,2016,2020
555,35.90503535,-79.04775326525107,2018,2020
556,,,2019,2020
557,,,2018,2020
558,,,2017,2020
559,,,2019,2020
560,,,2017,2020
561,,,2018,2020
562,26.6946225,-81.5743277,2018,2020
563,,,2018,2020
564,,,2012,2020
565,,,2017,2020
566,37.6535403,-122.4168664,2016,2020
567,,,2017,2020
568,,,2018,2020
569,40.7421254,-74.17903159685589,2017,2020
570,,,2017,2020
571,,,2018,2020
572,,,2015,2020
573,,,2017,2020
574,46.7337724,-117.14976069286374,2016,2020
575,,,2018,2020
576,,,2017,2020
577,,,2016,2020
578,,,2016,2020
579,41.2664307,-85.84022142296082,2018,2020
580,,,2018,2020
581,,,2016,2020
582,,,2013,2020
583,,,2015,2020
584,,,2016,2020
585,,,2017,2020
586,,,2018,2020
587,,,2015,2020
588,,,2016,2020
589,,,2018,2020
590,,,2017,2020
591,,,2015,2020
592,,,2018,2020
593,,,2018,2020
594,,,2018,2020
595,,,2016,2020
596,38.899893750000004,-77.04744828062584,2017,2020
597,,,2020,2020
598,,,2014,2020
599,,,2017,2020
600,,,2018,2020
601,,,2020,2020
602,,,2016,2020
603,,,2019,2020
604,,,2017,2020
605,37.6535403,-122.4168664,2018,2020
606,,,2011,2020
607,,,2018,2020
608,,,2016,2020
609,41.2664307,-85.84022142296082,2018,2020
610,,,2018,2020
611,,,2014,2020
612,,,2015,2020
613,,,2016,2020
614,,,2016,2020
615,,,2018,2020
616,,,2014,2020
617,,,2018,2020
618,,,2018,2020
619,,,2012,2020
620,,,2019,2020
621,,,2016,2020
622,,,2019,2020
623,,,2018,2020
624,,,2018,2020
625,,,2017,2020
626,,,2009,2020
627,,,2015,2020
628,42.335679999999996,-71.1060436296658,2016,2020
629,,,2019,2020
630,,,2017,2020
631,,,2019,2020
632,,,2015,2020
633,,,2014,2020
634,,,2016,2020
635,33.992829799999996,-81.02685165712111,2015,2020
636,42.40649125,-71.11800725402092,2018,2020
637,34.0218833,-118.28586726915088,2017,2020
638,,,2016,2020
639,,,2013,2020
640,,,2019,2020
641,,,2017,2020
642,29.825009,-95.478675,2020,2020
643,37.6535403,-122.4168664,2016,2020
644,,,2019,2020
645,,,2019,2020
646,,,2018,2020
647,37.6535403,-122.4168664,2016,2020
648,,,2018,2020
649,,,2016,2020
650,,,2018,2020
651,,,2017,2020
652,,,2017,2020
653,32.8021218,-96.81493751298012,2017,2020
654,,,2018,2020
655,,,2018,2020
656,,,2018,2020
657,,,2015,2020
658,,,2015,2020
659,42.40649125,-71.11800725402092,2015,2020
660,,,2016,2020
661,,,2019,2020
662,32.8021218,-96.81493751298012,2018,2020
663,46.0442026,6.3067338,2019,2020
664,38.99203005,-76.94610290199051,2018,2020
665,37.38266525,-121.92966247432815,2020,2020
666,,,2015,2020
667,,,2018,2020
668,42.361725699999994,-71.09617879812217,2018,2020
669,,,2018,2020
670,,,2014,2020
671,36.77950495,-76.09297200361628,2014,2020
672,,,2015,2020
673,,,2016,2020
674,,,2016,2020
675,,,2016,2020
676,,,2018,2020
677,,,2014,2020
678,,,2020,2020
679,42.0551164,-87.67581113482166,2016,2020
680,,,2018,2020
681,,,2019,2020
682,,,2018,2020
683,42.0551164,-87.67581113482166,2016,2020
684,29.825009,-95.478675,2019,2020
685,,,2015,2020
686,,,2017,2020
687,,,2014,2020
688,,,2016,2020
689,,,2019,2020
690,,,2017,2020
691,,,2017,2020
692,39.7386338,-105.22463887724237,2016,2020
693,,,2017,2020
694,,,2018,2020
695,,,2019,2020
696,36.982915,-122.0303705,2017,2020
697,,,2018,2020
698,,,2016,2020
699,,,2017,2020
700,42.335679999999996,-71.1060436296658,2015,2020
701,,,2017,2020
702,-22.1822689,-44.68776,2017,2020
703,,,2018,2020
704,,,2017,2020
705,,,2018,2020
706,,,2018,2020
707,,,2016,2020
708,,,2016,2020
709,42.2538509,-72.3596157,2017,2020
710,,,2014,2020
711,39.2393332,-121.5771276,2016,2020
712,33.4101398,-81.8926142,2016,2020
713,,,2016,2020
714,,,2016,2020
715,,,2017,2020
716,,,2020,2020
717,,,2018,2020
718,,,2018,2020
719,,,2015,2020
720,,,2017,2020
721,33.992829799999996,-81.02685165712111,2017,2020
722,39.9574,-75.19026656335703,2017,2020
723,,,2017,2020
724,37.38266525,-121.92966247432815,2015,2020
725,,,2015,2020
726,,,2013,2020
727,,,2018,2020
728,,,2019,2020
729,,,2014,2020
730,29.825009,-95.478675,2020,2020
731,36.77950495,-76.09297200361628,2019,2020
732,36.77950495,-76.09297200361628,2017,2020
733,40.6055493,-91.3845766,2016,2020
734,,,2017,2020
735,,,2013,2020
736,,,2018,2020
737,,,2015,2020
738,,,2014,2020
739,,,2018,2020
740,,,2015,2020
741,-21.0375279,-47.9691712,2018,2020
742,,,2018,2020
743,,,2018,2020
744,,,2017,2020
745,,,2014,2020
746,,,2016,2020
747,37.6535403,-122.4168664,2016,2020
748,,,2019,2021
749,,,2017,2021
750,,,2019,2021
751,,,2015,2021
752,,,2016,2021
753,,,2018,2021
754,,,2018,2021
755,,,2018,2021
756,,,2018,2021
757,,,2015,2021
758,41.704567749999995,-86.23822026017265,2017,2021
759,33.791570300000004,-84.31837261650668,2020,2021
760,,,2016,2021
761,,,2018,2021
762,29.825009,-95.478675,2017,2021
763,42.450550699999994,-76.47835129554275,2018,2021
764,38.927020999999996,-77.01397879086224,2016,2021
765,,,2016,2021
766,,,2015,2021
767,40.84431,-81.375651,2018,2021
768,,,2018,2021
769,,,2020,2021
770,,,2018,2021
771,42.337626349999994,-71.10769331557015,2016,2021
772,,,2017,2021
773,,,2018,2021
774,,,2017,2021
775,,,2019,2021
776,,,2019,2021
777,,,2019,2021
778,,,2018,2021
779,,,2019,2021
780,,,2018,2021
781,,,2018,2021
782,,,2016,2021
783,,,2018,2021
784,29.825009,-95.478675,2018,2021
785,29.7802972,-82.47041565,2017,2021
786,,,2019,2021
787,,,2016,2021
788,,,2017,2021
789,,,2019,2021
790,,,2018,2021
791,,,2017,2021
792,,,2016,2021
793,38.40257495,-84.90537574626126,2018,2021
794,,,2018,2021
795,,,2019,2021
796,,,2015,2021
797,,,2015,2021
798,,,2016,2021
799,,,2018,2021
800,,,2018,2021
801,33.791570300000004,-84.31837261650668,2019,2021
802,,,2017,2021
803,,,2018,2021
804,,,2017,2021
805,,,2016,2021
806,,,2020,2021
807,,,2018,2021
808,,,2016,2021
809,40.72925325,-73.99625393609625,2013,2021
810,,,2016,2021
811,,,2013,2021
812,,,2015,2021
813,,,2019,2021
814,,,2017,2021
815,40.5860647,-74.6318976,2016,2021
816,,,2015,2021
817,,,2016,2021
818,-32.89288165,151.6994593872015,2017,2021
819,,,2016,2021
820,,,2019,2021
821,,,2017,2021
822,,,2014,2021
823,,,2018,2021
824,47.3828983,8.5481283,2016,2021
825,38.99203005,-76.94610290199051,2015,2021
826,,,2014,2021
827,,,2018,2021
828,,,2020,2021
829,33.8575496,-109.9753782,2020,2021
830,37.7629032,-122.4661096,2017,2021
831,33.992829799999996,-81.02685165712111,2018,2021
832,,,2017,2021
833,,,2017,2021
834,,,2019,2021
835,,,2017,2021
836,,,2018,2021
837,,,2019,2021
838,,,2016,2021
839,,,2015,2021
840,,,2017,2021
841,,,2018,2021
842,,,2016,2021
843,,,2017,2021
844,,,2017,2021
845,36.04373,-79.401666,2016,2021
846,,,2017,2021
847,,,2018,2021
848,,,2014,2021
849,,,2020,2021
850,39.33020225,-76.62185357858337,2017,2021
851,28.0599999,-82.41383619025117,2017,2021
852,,,2019,2021
853,,,2020,2021
854,,,2018,2021
855,29.44412035,-98.61361086302894,2017,2021
856,,,2020,2021
857,,,2018,2021
858,,,2016,2021
859,,,2018,2021
860,,,2018,2021
861,,,2018,2021
862,,,2018,2021
863,,,2018,2021
864,37.3220957,-121.823653,2019,2021
865,,,2018,2021
866,38.99203005,-76.94610290199051,2018,2021
867,39.2575265,-84.3832206866111,2011,2021
868,,,2017,2021
869,,,2016,2021
870,29.825009,-95.478675,2020,2021
871,,,2016,2021
872,,,2019,2021
873,41.5005343,-81.62200079954964,2017,2021
874,,,2018,2021
875,,,2019,2021
876,32.443117650000005,-81.77150420329532,2016,2021
877,,,2016,2021
878,,,2019,2021
879,,,2020,2021
880,,,2016,2021
881,,,2019,2021
882,,,2015,2021
883,,,2020,2021
884,45.479028799999995,9.23221040387672,2016,2021
885,,,2016,2021
886,41.1038891,-81.24559718478912,2015,2021
887,37.6535403,-122.4168664,2019,2021
888,,,2019,2021
889,,,2019,2021
890,,,2020,2021
891,,,2015,2021
892,,,2018,2021
893,,,2017,2021
894,,,2016,2021
895,,,2018,2021
896,,,2020,2021
897,,,2016,2021
898,,,2017,2021
899,,,2018,2021
900,,,2016,2021
901,44.83098,-0.5700867,2015,2021
902,,,2017,2021
903,,,2016,2021
904,,,2016,2021
905,,,2017,2021
906,,,2020,2021
907,,,2015,2021
908,,,2020,2021
909,37.6535403,-122.4168664,2019,2021
910,40.5860647,-74.6318976,2018,2021
911,,,2017,2021
912,,,2017,2021
913,33.992829799999996,-81.02685165712111,2018,2021
914,,,2019,2021
915,,,2017,2021
916,,,2015,2021
917,33.781682849999996,-84.40393637411363,2019,2021
918,,,2017,2021
919,42.0551164,-87.67581113482166,2019,2021
920,,,2017,2021
921,,,2020,2021
922,,,2020,2021
923,,,2020,2021
924,,,2018,2021
925,,,2019,2021
926,,,2015,2021
927,,,2020,2021
928,,,2014,2021
929,42.0551164,-87.67581113482166,2019,2021
930,,,2017,2021
931,,,2018,2021
932,,,2018,2021
933,,,2019,2021
934,38.634807,-90.258941,2020,2021
935,,,2018,2021
936,,,2018,2021
937,,,2017,2021
938,,,2017,2021
939,,,2019,2021
940,,,2019,2021
941,,,2019,2021
942,41.2664307,-85.84022142296082,2019,2021
943,,,2017,2021
944,,,2016,2021
945,,,2016,2021
946,,,2020,2021
947,,,2015,2021
948,,,2015,2021
949,,,2021,2021
950,,,2016,2021
951,,,2015,2021
952,,,2019,2021
953,36.77950495,-76.09297200361628,2018,2021
954,37.26573,-121.9574641,2007,2021
955,,,2018,2021
956,,,2018,2021
957,,,2017,2021
958,,,2020,2021
959,,,2018,2021
960,42.3582393,-71.09663495185691,2019,2021
961,,,2015,2021
962,,,2016,2021
963,39.9574,-75.19026656335703,2018,2021
964,,,2018,2021
965,,,2017,2021
966,,,2019,2021
967,,,2017,2021
968,,,2019,2021
969,,,2018,2021
970,42.450550699999994,-76.47835129554275,2017,2021
971,,,2019,2021
972,,,2013,2021
973,,,2019,2021
974,,,2014,2021
975,,,2009,2021
976,,,2017,2021
977,,,2018,2021
978,,,2016,2021
979,,,2018,2021
980,42.3582393,-71.09663495185691,2019,2021
981,,,2019,2021
982,38.634807,-90.258941,2021,2021
983,,,2020,2021
984,45.0389062,-93.40447016698977,2019,2021
985,,,2018,2021
986,,,2013,2021
987,26.6946225,-81.5743277,2015,2021
988,,,2020,2021
989,,,2018,2021
990,,,2015,2021
991,41.50138695,-81.60070216159022,2017,2021
992,,,2014,2021
993,29.825009,-95.478675,2017,2021
994,,,2018,2021
995,,,2017,2021
996,,,2018,2021
997,,,2018,2021
998,,,2020,2021
999,37.38266525,-121.92966247432815,2020,2021
1000,,,2015,2021
1001,,,2019,2021
1002,,,2012,2021
1003,,,2020,2021
1004,,,2018,2021
1005,,,2016,2021
1006,,,2019,2021
1007,42.274315,-71.80845674552586,2019,2021
1008,,,2017,2021
1009,47.9774237,8.797930228213033,2017,2021
1010,,,2016,2021
1011,,,2019,2021
1012,26.6946225,-81.5743277,2017,2021
1013,,,2020,2021
1014,,,2016,2021
1015,32.906443100000004,-117.18609931464675,2016,2021
1016,,,2017,2021
1017,,,2020,2021
1018,,,2018,2021
1019,,,2020,2021
1020,36.77950495,-76.09297200361628,2017,2021
1021,,,2019,2021
1022,,,2017,2021
1023,,,2019,2021
1024,,,2020,2021
1025,,,2018,2021
1026,,,2020,2021
1027,,,2018,2021
1028,41.50138695,-81.60070216159022,2018,2021
1029,,,2018,2021
1030,40.4929271,-74.44520167306827,2019,2021
1031,,,2019,2021
1032,45.0389062,-93.40447016698977,2019,2021
1033,45.10543655,-93.46723274487427,2016,2021
1034,,,2017,2021
1035,,,2019,2021
1036,,,2020,2021
1037,36.77950495,-76.09297200361628,2019,2021
1038,,,2019,2021
1039,40.4929271,-74.44520167306827,2016,2021
1040,,,2019,2021
1041,,,2019,2021
1042,,,2020,2021
1043,,,2016,2021
1044,,,2016,2021
1045,,,2020,2021
1046,,,2019,2021
1047,,,2017,2021
1048,,,2019,2021
1049,35.90503535,-79.04775326525107,2018,2021
1050,,,2019,2021
1051,,,2020,2021
1052,,,2019,2021
1053,,,2018,2021
1054,,,2016,2021
1055,,,2019,2021
1056,,,2018,2021
1057,,,2017,2021
1058,39.33020225,-76.62185357858337,2017,2021
1059,,,2019,2021
1060,,,2018,2021
1061,,,2021,2021
1062,,,2019,2021
1063,,,2019,2021
1064,,,2020,2021
1065,,,2019,2021
1066,,,2019,2021
1067,,,2018,2021
1068,36.77950495,-76.09297200361628,2017,2021
1069,,,2019,2021
1070,,,2014,2021
1071,29.44412035,-98.61361086302894,2018,2021
1072,,,2016,2021
1073,,,2016,2021
1074,,,2017,2021
1075,,,2017,2021
1076,,,2019,2021
1077,,,2019,2021
1078,,,2019,2021
1079,34.0218833,-118.28586726915088,2018,2021
1080,,,2014,2021
1081,,,2016,2021
1082,,,2014,2021
1083,,,2018,2021
1084,,,2018,2021
1085,,,2016,2021
1086,,,2020,2021
1087,,,2018,2021
1088,,,2019,2021
1089,39.33020225,-76.62185357858337,2018,2021
1090,,,2018,2021
1091,,,2018,2021
1092,,,2018,2021
1093,,,2017,2021
1094,42.0551164,-87.67581113482166,2018,2021
1095,,,2019,2021
1096,,,2018,2021
1097,32.591987700000004,-85.4959487362446,2018,2021
1098,,,2018,2021
1099,,,2018,2021
1100,,,2020,2021
1101,,,2018,2021
1102,,,2017,2021
1103,-20.3451928,-40.3776199444963,2018,2021
1104,47.926541150000006,-97.07212085037051,2019,2021
1105,45.10543655,-93.46723274487427,2016,2021
1106,,,2019,2021
1107,,,2019,2021
1108,42.7710831,-71.4115027,2021,2021
1109,-20.3451928,-40.3776199444963,2020,2021
1110,,,2018,2021
1111,,,2019,2021
1112,,,2018,2021
1113,,,2014,2021
1114,,,2018,2021
1115,37.6535403,-122.4168664,2015,2021
1116,,,2019,2021
1117,,,2018,2021
1118,,,2019,2021
1119,,,2018,2021
1120,,,2019,2021
1121,,,2019,2021
1122,,,2017,2021
1123,42.3582393,-71.09663495185691,2018,2021
1124,,,2005,2021
1125,39.7103526,-75.1193266647699,2017,2021
1126,42.3390301,-71.08791294953176,2015,2021
1127,,,2018,2021
1128,,,2018,2021
1129,33.791570300000004,-84.31837261650668,2012,2021
1130,33.791570300000004,-84.31837261650668,2019,2021
1131,,,2019,2021
1132,,,2014,2021
1133,,,2019,2021
1134,,,2017,2021
1135,,,2019,2021
1136,,,2019,2021
1137,,,2018,2021
1138,,,2019,2021
1139,,,2019,2021
1140,,,2019,2021
1141,,,2019,2021
1142,,,2017,2021
1143,42.0551164,-87.67581113482166,2018,2021
1144,,,2019,2021
1145,,,2018,2021
1146,,,2018,2021
1147,,,2020,2021
1148,,,2019,2021
1149,,,2019,2021
1150,,,2017,2021
1151,,,2015,2021
1152,,,2020,2021
1153,,,2004,2021
1154,41.50138695,-81.60070216159022,2019,2021
1155,,,2019,2021
1156,41.50138695,-81.60070216159022,2019,2021
1157,,,2019,2021
1158,,,2017,2021
1159,,,2015,2021
1160,,,2020,2021
1161,36.14380105,-86.80281889095295,2014,2021
1162,,,2021,2021
1163,,,2018,2021
1164,,,2019,2021
1165,,,2021,2021
1166,,,2018,2021
1167,,,2016,2021
1168,,,2019,2021
1169,,,2017,2021
1170,,,2018,2021
1171,,,2015,2021
1172,,,2016,2021
1173,,,2019,2021
1174,,,2020,2021
1175,,,2011,2021
1176,,,2018,2021
1177,,,2019,2021
1178,,,2015,2021
1179,37.26573,-121.9574641,2020,2021
1180,42.3582393,-71.09663495185691,2019,2021
1181,,,2020,2021
1182,,,2019,2021
1183,,,2017,2021
1184,,,2019,2021
1185,42.3582393,-71.09663495185691,2018,2021
1186,28.0599999,-82.41383619025117,2020,2021
1187,,,2017,2021
1188,,,2020,2021
1189,40.6165685,20.7805095,2016,2021
1190,,,2019,2021
1191,,,2018,2021
1192,,,2017,2021
1193,,,2020,2022
1194,,,2019,2022
1195,,,2018,2022
1196,,,2019,2022
1197,,,2020,2022
1198,,,2019,2022
1199,,,2020,2022
1200,,,2019,2022
1201,38.899893750000004,-77.04744828062584,2018,2022
1202,,,2016,2022
1203,,,2016,2022
1204,,,2020,2022
1205,,,2020,2022
1206,,,2016,2022
1207,,,2019,2022
1208,,,2018,2022
1209,,,2019,2022
1210,,,2021,2022
1211,,,2021,2022
1212,,,2017,2022
1213,,,2017,2022
1214,40.7162381,-73.9992609,2019,2022
1215,,,2018,2022
1216,,,2015,2022
1217,,,2015,2022
1218,,,2020,2022
1219,42.40649125,-71.11800725402092,2021,2022
1220,40.5860647,-74.6318976,2019,2022
1221,,,2019,2022
1222,,,2020,2022
1223,,,2020,2022
1224,,,2018,2022
1225,,,2018,2022
1226,36.77950495,-76.09297200361628,2014,2022
1227,,,2020,2022
1228,,,2020,2022
1229,,,2018,2022
1230,41.6582432,-83.61478734161769,2020,2022
1231,,,2017,2022
1232,,,2015,2022
1233,,,1975,1978
1234,,,1977,1978
1235,48.888919,-103.008794,1977,1980
1236,,,1977,1980
1237,,,1983,1984
1238,,,1984,1985
1239,48.888919,-103.008794,1983,1985
1240,48.888919,-103.008794,1984,1985
1241,,,1984,1986
1242,48.888919,-103.008794,1985,1986
1243,37.7727483,-122.4045707,1984,1987
1244,,,1984,1987
1245,48.888919,-103.008794,1985,1987
1246,,,1986,1987
1247,,,1985,1988
1248,,,1986,1988
1249,48.888919,-103.008794,1986,1989
1250,,,1986,1989
1251,38.580382099999994,-121.50582289825674,1987,1989
1252,,,1988,1989
1253,,,1987,1989
1254,48.888919,-103.008794,1988,1990
1255,48.888919,-103.008794,1988,1990
1256,,,1989,1990
1257,,,1988,1990
1258,,,1989,1990
1259,48.888919,-103.008794,1988,1991
1260,,,1985,1991
1261,,,1988,1991
1262,,,1989,1991
1263,,,1989,1991
1264,,,1989,1991
1265,,,1991,1991
1266,47.7595071,-122.19100215821415,1990,1991
1267,,,1989,1991
1268,48.888919,-103.008794,1988,1992
1269,48.888919,-103.008794,1990,1992
1270,48.888919,-103.008794,1991,1992
1271,37.76728345,-122.39233238171147,1989,1992
1272,,,1991,1992
1273,,,1991,1992
1274,48.888919,-103.008794,1990,1993
1275,,,1988,1993
1276,48.888919,-103.008794,1992,1993
1277,,,1992,1993
1278,,,1990,1993
1279,,,1991,1993
1280,48.888919,-103.008794,1988,1993
1281,,,1992,1994
1282,48.888919,-103.008794,1988,1994
1283,,,1991,1994
1284,48.888919,-103.008794,1993,1994
1285,35.02678805,-106.63479844375736,1993,1994
1286,,,1993,1994
1287,,,1992,1994
1288,,,1993,1994
1289,,,1993,1994
1290,,,1993,1994
1291,,,1992,1994
1292,,,1993,1995
1293,38.7390697,-120.7421549,1993,1995
1294,,,1993,1995
1295,,,1992,1995
1296,48.888919,-103.008794,1993,1995
1297,37.76728345,-122.39233238171147,1993,1995
1298,48.888919,-103.008794,1994,1995
1299,48.888919,-103.008794,1993,1995
1300,,,1993,1995
1301,48.888919,-103.008794,1994,1995
1302,,,1993,1995
1303,48.888919,-103.008794,1994,1995
1304,,,1994,1995
1305,,,1993,1995
1306,48.888919,-103.008794,1993,1995
1307,,,1993,1995
1308,,,1994,1996
1309,,,1994,1996
1310,,,1994,1996
1311,,,1995,1996
1312,,,1995,1996
1313,,,1995,1996
1314,,,1995,1996
1315,,,1993,1996
1316,,,1993,1996
1317,,,1994,1996
1318,,,1995,1996
1319,41.26427,-85.840824,1994,1996
1320,,,1995,1996
1321,48.888919,-103.008794,1995,1996
1322,,,1995,1996
1323,,,1995,1996
1324,,,1995,1996
1325,,,1995,1996
1326,,,1996,1996
1327,,,1995,1997
1328,35.02678805,-106.63479844375736,1996,1997
1329,37.76728345,-122.39233238171147,1995,1997
1330,,,1993,1997
1331,35.02678805,-106.63479844375736,1996,1997
1332,35.02678805,-106.63479844375736,1996,1997
1333,35.02678805,-106.63479844375736,1996,1997
1334,,,1994,1997
1335,48.888919,-103.008794,1996,1997
1336,48.888919,-103.008794,1995,1997
1337,48.888919,-103.008794,1994,1997
1338,,,1995,1997
1339,,,1996,1997
1340,35.02678805,-106.63479844375736,1996,1997
1341,35.02678805,-106.63479844375736,1996,1997
1342,,,1995,1997
1343,,,1993,1997
1344,48.888919,-103.008794,1995,1997
1345,,,1995,1997
1346,,,1993,1997
1347,,,1996,1997
1348,35.02678805,-106.63479844375736,1996,1997
1349,,,1995,1997
1350,,,1996,1997
1351,35.02678805,-106.63479844375736,1996,1997
1352,,,1995,1997
1353,,,1994,1997
1354,35.02678805,-106.63479844375736,1996,1997
1355,,,1995,1997
1356,,,1996,1998
1357,,,1996,1998
1358,48.888919,-103.008794,1996,1998
1359,,,1995,1998
1360,,,1996,1998
1361,,,1995,1998
1362,36.7930901,-98.67294270477655,1996,1998
1363,,,1995,1998
1364,,,1996,1998
1365,35.02678805,-106.63479844375736,1996,1998
1366,35.13926465,-90.03774329663317,1996,1998
1367,,,1994,1998
1368,,,1994,1998
1369,48.888919,-103.008794,1995,1998
1370,,,1996,1998
1371,,,1997,1998
1372,,,1996,1998
1373,,,1996,1998
1374,,,1996,1998
1375,,,1995,1998
1376,41.26427,-85.840824,1992,1998
1377,,,1995,1998
1378,,,1997,1998
1379,,,1997,1998
1380,,,1995,1998
1381,,,1997,1998
1382,35.02678805,-106.63479844375736,1997,1998
1383,,,1997,1998
1384,,,1996,1998
1385,,,1998,1998
1386,,,1997,1999
1387,35.02678805,-106.63479844375736,1997,1999
1388,,,1996,1999
1389,,,1996,1999
1390,48.888919,-103.008794,1996,1999
1391,40.31075225,-79.60003909017857,1996,1999
1392,,,1997,1999
1393,,,1997,1999
1394,,,1996,1999
1395,,,1997,1999
1396,,,1997,1999
1397,,,1997,1999
1398,,,1998,1999
1399,48.888919,-103.008794,1997,1999
1400,,,1997,1999
1401,,,1998,1999
1402,,,1995,1999
1403,48.888919,-103.008794,1997,1999
1404,,,1995,1999
1405,,,1997,1999
1406,,,1998,1999
1407,,,1996,1999
1408,,,1997,1999
1409,38.0329016,-84.5085814,1997,1999
1410,,,1994,1999
1411,,,1997,1999
1412,,,1994,1999
1413,,,1996,1999
1414,48.888919,-103.008794,1998,1999
1415,48.888919,-103.008794,1997,1999
1416,35.02678805,-106.63479844375736,1996,1999
1417,,,1996,1999
1418,,,1996,1999
1419,,,1997,1999
1420,,,1998,1999
1421,48.888919,-103.008794,1995,1999
1422,,,1997,1999
1423,,,1997,1999
1424,,,1995,1999
1425,,,1998,2000
1426,48.888919,-103.008794,1997,2000
1427,48.888919,-103.008794,1998,2000
1428,,,1997,2000
1429,,,1997,2000
1430,,,1995,2000
1431,,,1998,2000
1432,,,1999,2000
1433,,,1997,2000
1434,,,1998,2000
1435,48.888919,-103.008794,1998,2000
1436,35.02678805,-106.63479844375736,1998,2000
1437,,,1995,2000
1438,,,1997,2000
1439,,,1999,2000
1440,48.888919,-103.008794,1999,2000
1441,35.02678805,-106.63479844375736,1998,2000
1442,,,1997,2000
1443,48.888919,-103.008794,1998,2000
1444,,,1998,2000
1445,,,1998,2000
1446,38.8660691,-77.2380493,1995,2000
1447,,,1996,2000
1448,,,1998,2000
1449,,,1999,2000
1450,,,1998,2000
1451,,,1998,2000
1452,39.075609,-104.8698511,1998,2000
1453,,,1996,2000
1454,35.02678805,-106.63479844375736,1998,2000
1455,,,1999,2000
1456,,,1999,2000
1457,,,1999,2000
1458,,,1998,2000
1459,,,1999,2000
1460,,,1997,2000
1461,40.4437584,-79.9423308,1998,2000
1462,48.888919,-103.008794,1998,2001
1463,35.02678805,-106.63479844375736,1999,2001
1464,,,1998,2001
1465,,,1998,2001
1466,,,1997,2001
1467,,,1995,2001
1468,,,1998,2001
1469,38.8660691,-77.2380493,1995,2001
1470,,,1999,2001
1471,,,2000,2001
1472,34.0458623,-94.3239004,1999,2001
1473,48.888919,-103.008794,1999,2001
1474,,,1999,2001
1475,,,1998,2001
1476,,,2000,2001
1477,,,1999,2001
1478,,,1998,2001
1479,,,1996,2001
1480,,,1998,2001
1481,,,1998,2001
1482,35.02678805,-106.63479844375736,2000,2001
1483,,,1998,2001
1484,,,1994,2001
1485,,,1999,2001
1486,,,1999,2001
1487,,,1999,2001
1488,48.888919,-103.008794,2000,2001
1489,48.888919,-103.008794,1998,2001
1490,35.02678805,-106.63479844375736,1999,2001
1491,,,1997,2001
1492,39.075609,-104.8698511,1999,2001
1493,,,1998,2001
1494,,,1999,2001
1495,,,1999,2001
1496,,,2000,2001
1497,,,1998,2001
1498,,,2000,2001
1499,,,1999,2001
1500,48.888919,-103.008794,1999,2001
1501,,,1999,2001
1502,,,1999,2001
1503,,,1998,2001
1504,,,1999,2001
1505,,,2000,2001
1506,48.888919,-103.008794,2000,2001
1507,,,1998,2001
1508,,,1999,2001
1509,,,1998,2001
1510,,,1999,2001
1511,,,1998,2001
1512,,,1999,2001
1513,,,1999,2001
1514,,,1999,2001
1515,,,1997,2001
1516,,,1997,2001
1517,35.02678805,-106.63479844375736,1999,2001
1518,,,2000,2001
1519,,,1997,2001
1520,,,1995,2001
1521,48.888919,-103.008794,1999,2001
1522,,,1998,2001
1523,,,1999,2001
1524,,,1998,2001
1525,48.888919,-103.008794,1999,2001
1526,,,1999,2001
1527,,,1998,2001
1528,,,2000,2001
1529,35.02678805,-106.63479844375736,1999,2001
1530,,,1999,2001
1531,34.0458623,-94.3239004,2000,2002
1532,,,1998,2002
1533,,,1999,2002
1534,,,2000,2002
1535,,,2000,2002
1536,,,1998,2002
1537,35.02678805,-106.63479844375736,2000,2002
1538,35.02678805,-106.63479844375736,2000,2002
1539,35.02678805,-106.63479844375736,2001,2002
1540,48.888919,-103.008794,2000,2002
1541,,,1999,2002
1542,,,1999,2002
1543,,,1996,2002
1544,48.888919,-103.008794,2000,2002
1545,,,1999,2002
1546,,,2001,2002
1547,,,1992,2002
1548,,,1999,2002
1549,,,2001,2002
1550,,,2000,2002
1551,,,2000,2002
1552,,,1999,2002
1553,,,2000,2002
1554,,,2000,2002
1555,,,2001,2002
1556,48.888919,-103.008794,1999,2002
1557,35.02678805,-106.63479844375736,2001,2002
1558,35.02678805,-106.63479844375736,1999,2002
1559,48.888919,-103.008794,1998,2002
1560,48.888919,-103.008794,1998,2002
1561,,,2000,2002
1562,,,1998,2002
1563,,,1998,2002
1564,35.02678805,-106.63479844375736,2001,2002
1565,,,1996,2002
1566,35.02678805,-106.63479844375736,2000,2002
1567,,,2000,2002
1568,,,2001,2002
1569,,,2000,2002
1570,,,2000,2002
1571,,,2000,2002
1572,,,2000,2002
1573,,,2000,2002
1574,,,2000,2002
1575,35.02678805,-106.63479844375736,2001,2002
1576,,,2001,2002
1577,,,2001,2002
1578,,,1998,2002
1579,48.888919,-103.008794,1999,2002
1580,,,2000,2002
1581,35.02678805,-106.63479844375736,2000,2002
1582,35.02678805,-106.63479844375736,1999,2002
1583,,,2000,2002
1584,,,1999,2002
1585,,,2000,2002
1586,34.0458623,-94.3239004,2000,2002
1587,48.888919,-103.008794,2000,2002
1588,35.02678805,-106.63479844375736,2001,2002
1589,,,2000,2002
1590,,,2000,2002
1591,,,1999,2002
1592,,,2000,2002
1593,,,2001,2002
1594,,,2000,2002
1595,48.888919,-103.008794,1999,2002
1596,48.888919,-103.008794,2001,2002
1597,,,2000,2002
1598,,,2000,2002
1599,35.02678805,-106.63479844375736,2000,2002
1600,,,2001,2003
1601,,,1999,2003
1602,,,1999,2003
1603,48.888919,-103.008794,2001,2003
1604,,,2000,2003
1605,,,1999,2003
1606,,,2000,2003
1607,,,2002,2003
1608,,,2000,2003
1609,,,2001,2003
1610,,,1999,2003
1611,,,1999,2003
1612,35.02678805,-106.63479844375736,2000,2003
1613,48.888919,-103.008794,2001,2003
1614,,,1999,2003
1615,,,1998,2003
1616,,,2000,2003
1617,,,2001,2003
1618,,,2000,2003
1619,,,1998,2003
1620,,,1998,2003
1621,,,2000,2003
1622,48.888919,-103.008794,2001,2003
1623,,,1999,2003
1624,,,2002,2003
1625,,,2000,2003
1626,,,1998,2003
1627,39.075609,-104.8698511,2001,2003
1628,,,2001,2003
1629,,,1995,2003
1630,,,2001,2003
1631,,,2001,2003
1632,48.888919,-103.008794,2000,2003
1633,,,2001,2003
1634,,,1999,2003
1635,48.888919,-103.008794,2001,2003
1636,,,2001,2003
1637,,,2001,2003
1638,,,2000,2003
1639,35.02678805,-106.63479844375736,2000,2003
1640,,,2000,2003
1641,,,2001,2003
1642,48.888919,-103.008794,2001,2003
1643,,,1999,2003
1644,,,2001,2003
1645,,,2001,2003
1646,35.02678805,-106.63479844375736,2001,2003
1647,,,2001,2003
1648,,,1998,2003
1649,39.075609,-104.8698511,2001,2003
1650,,,2000,2003
1651,,,2001,2003
1652,48.888919,-103.008794,2001,2003
1653,39.075609,-104.8698511,2001,2003
1654,,,1999,2003
1655,,,2002,2003
1656,48.888919,-103.008794,2002,2003
1657,48.888919,-103.008794,2001,2003
1658,48.888919,-103.008794,2000,2003
1659,35.02678805,-106.63479844375736,2001,2003
1660,,,2000,2004
1661,,,2002,2004
1662,48.888919,-103.008794,2001,2004
1663,48.888919,-103.008794,2000,2004
1664,,,2000,2004
1665,,,2002,2004
1666,,,2000,2004
1667,,,2001,2004
1668,,,2000,2004
1669,,,2002,2004
1670,48.888919,-103.008794,2001,2004
1671,,,2002,2004
1672,,,2002,2004
1673,48.888919,-103.008794,2001,2004
1674,,,2001,2004
1675,,,2000,2004
1676,,,2001,2004
1677,48.888919,-103.008794,2001,2004
1678,,,2002,2004
1679,,,2002,2004
1680,,,2002,2004
1681,,,2000,2004
1682,,,2000,2004
1683,48.888919,-103.008794,2001,2004
1684,47.9235996,-120.1955611,2001,2004
1685,,,2001,2004
1686,,,2000,2004
1687,,,2000,2004
1688,39.075609,-104.8698511,2001,2004
1689,,,2000,2004
1690,,,2001,2004
1691,,,2002,2004
1692,,,2001,2004
1693,48.888919,-103.008794,2001,2004
1694,,,2000,2004
1695,,,2002,2004
1696,,,2001,2004
1697,,,2002,2004
1698,,,2000,2004
1699,48.888919,-103.008794,2000,2004
1700,,,2002,2005
1701,,,2002,2005
1702,,,2000,2005
1703,,,2002,2005
1704,,,2002,2005
1705,,,2002,2005
1706,,,2002,2005
1707,48.888919,-103.008794,2001,2005
1708,,,2002,2005
1709,,,2002,2005
1710,39.075609,-104.8698511,2001,2005
1711,,,2003,2005
1712,48.888919,-103.008794,2002,2005
1713,,,2000,2005
1714,,,2002,2005
1715,35.02678805,-106.63479844375736,2002,2005
1716,,,2002,2005
1717,,,2000,2005
1718,,,2002,2005
1719,,,1999,2005
1720,,,2001,2005
1721,,,2001,2005
1722,,,2000,2005
1723,,,2002,2005
1724,,,2001,2005
1725,,,2003,2005
1726,,,1997,2005
1727,,,2001,2005
1728,,,2002,2005
1729,,,2002,2005
1730,,,2004,2005
1731,,,2002,2005
1732,,,2002,2005
1733,,,2001,2005
1734,48.888919,-103.008794,2002,2005
1735,34.0458623,-94.3239004,2000,2005
1736,,,2001,2005
1737,,,2001,2005
1738,,,2002,2005
1739,,,2003,2005
1740,,,2003,2005
1741,,,2003,2005
1742,,,2000,2005
1743,,,2001,2005
1744,,,2002,2005
1745,,,2002,2005
1746,35.02678805,-106.63479844375736,2001,2005
1747,,,2003,2005
1748,,,2004,2005
1749,,,2004,2005
1750,,,2001,2005
1751,,,2001,2005
1752,,,2001,2005
1753,,,2002,2005
1754,36.14380105,-86.80281889095295,2002,2005
1755,35.02678805,-106.63479844375736,2002,2005
1756,,,2000,2005
1757,,,2003,2005
1758,,,2003,2005
1759,,,2002,2006
1760,39.075609,-104.8698511,2001,2006
1761,48.888919,-103.008794,2000,2006
1762,,,2001,2006
1763,,,2004,2006
1764,48.888919,-103.008794,2003,2006
1765,,,2001,2006
1766,,,2002,2006
1767,,,1999,2006
1768,31.47410915,-100.39060023410819,2003,2006
1769,35.02678805,-106.63479844375736,2002,2006
1770,,,2000,2006
1771,,,2001,2006
1772,,,2001,2006
1773,,,2001,2006
1774,,,2003,2006
1775,,,2004,2006
1776,,,2002,2006
1777,,,1999,2006
1778,48.888919,-103.008794,2002,2006
1779,35.02678805,-106.63479844375736,2001,2006
1780,48.888919,-103.008794,2003,2006
1781,,,2004,2006
1782,,,2003,2006
1783,35.02678805,-106.63479844375736,2002,2006
1784,,,2002,2006
1785,,,2002,2006
1786,,,1997,2006
1787,48.888919,-103.008794,2003,2006
1788,,,2002,2006
1789,,,2001,2006
1790,,,2002,2006
1791,,,2004,2006
1792,,,1999,2006
1793,48.888919,-103.008794,2003,2006
1794,,,2003,2006
1795,,,2000,2006
1796,,,2002,2006
1797,,,2003,2006
1798,48.888919,-103.008794,2002,2006
1799,,,2001,2006
1800,,,2001,2006
1801,,,2003,2006
1802,39.075609,-104.8698511,2001,2006
1803,,,2003,2006
1804,48.888919,-103.008794,2003,2006
1805,,,2002,2006
1806,48.888919,-103.008794,2004,2006
1807,,,2001,2006
1808,,,2004,2006
1809,48.888919,-103.008794,2004,2006
1810,,,2002,2006
1811,48.888919,-103.008794,2003,2006
1812,,,2001,2006
1813,48.888919,-103.008794,2003,2006
1814,,,2002,2006
1815,35.02678805,-106.63479844375736,2001,2006
1816,48.888919,-103.008794,2001,2006
1817,,,2001,2006
1818,48.888919,-103.008794,2005,2006
1819,47.9235996,-120.1955611,2002,2006
1820,,,2001,2006
1821,,,2002,2006
1822,,,2002,2006
1823,48.888919,-103.008794,2000,2006
1824,,,2005,2006
1825,,,2005,2006
1826,,,2005,2006
1827,48.888919,-103.008794,1997,2006
1828,,,2005,2006
1829,,,2000,2006
1830,,,2003,2007
1831,,,2002,2007
1832,,,2002,2007
1833,,,2002,2007
1834,,,2001,2007
1835,,,2002,2007
1836,,,2004,2007
1837,,,2002,2007
1838,48.888919,-103.008794,2003,2007
1839,,,2004,2007
1840,,,2003,2007
1841,,,2004,2007
1842,,,2004,2007
1843,38.8660691,-77.2380493,1995,2007
1844,39.075609,-104.8698511,2002,2007
1845,38.8660691,-77.2380493,1995,2007
1846,,,2003,2007
1847,,,2005,2007
1848,,,2003,2007
1849,,,2005,2007
1850,35.02678805,-106.63479844375736,2002,2007
1851,,,2002,2007
1852,,,2005,2007
1853,,,2002,2007
1854,,,2002,2007
1855,,,2003,2007
1856,39.075609,-104.8698511,2004,2007
1857,,,2004,2007
1858,48.888919,-103.008794,2003,2007
1859,,,2002,2007
1860,,,2003,2007
1861,,,2003,2007
1862,48.888919,-103.008794,2003,2007
1863,,,2001,2007
1864,43.1226985,-77.6307297,2002,2007
1865,,,2003,2007
1866,40.4437584,-79.9423308,2003,2007
1867,,,2004,2007
1868,,,2007,2007
1869,,,2003,2007
1870,,,2004,2007
1871,,,2004,2007
1872,48.888919,-103.008794,2003,2007
1873,,,2003,2007
1874,,,2004,2007
1875,,,2004,2007
1876,,,2004,2007
1877,39.075609,-104.8698511,2005,2007
1878,,,2003,2007
1879,,,2003,2007
1880,,,2005,2007
1881,,,2003,2007
1882,,,2003,2007
1883,,,2003,2007
1884,,,2004,2007
1885,,,2002,2008
1886,,,2003,2008
1887,48.888919,-103.008794,2003,2008
1888,,,2002,2008
1889,,,2003,2008
1890,35.02678805,-106.63479844375736,2002,2008
1891,,,2003,2008
1892,,,2004,2008
1893,36.14380105,-86.80281889095295,2004,2008
1894,,,2001,2008
1895,,,2003,2008
1896,39.075609,-104.8698511,2005,2008
1897,,,2005,2008
1898,,,2005,2008
1899,41.26427,-85.840824,2003,2008
1900,,,2005,2008
1901,,,2004,2008
1902,35.02678805,-106.63479844375736,2002,2008
1903,,,2001,2008
1904,,,2004,2008
1905,,,2004,2008
1906,,,2003,2008
1907,,,2005,2008
1908,,,2003,2008
1909,,,2005,2008
1910,36.7930901,-98.67294270477655,2004,2008
1911,,,2003,2008
1912,,,2004,2008
1913,48.888919,-103.008794,2004,2008
1914,,,2001,2008
1915,,,2007,2008
1916,,,2006,2008
1917,,,2002,2008
1918,,,2001,2008
1919,,,2004,2008
1920,,,2006,2008
1921,,,1999,2008
1922,,,2003,2008
1923,18.126941950000003,-66.49595326236332,2004,2008
1924,,,2006,2008
1925,,,2004,2008
1926,44.636504,-72.67844174671883,2004,2008
1927,,,2003,2008
1928,,,2004,2009
1929,,,2003,2009
1930,,,2006,2009
1931,,,2003,2009
1932,,,2000,2009
1933,,,2003,2009
1934,,,2005,2009
1935,,,2005,2009
1936,,,2005,2009
1937,,,2002,2009
1938,,,2005,2009
1939,36.77913305,-76.09451143388634,2005,2009
1940,36.77913305,-76.09451143388634,2005,2009
1941,,,2004,2009
1942,,,2003,2009
1943,,,2002,2009
1944,,,2005,2009
1945,,,2004,2009
1946,48.888919,-103.008794,2003,2009
1947,,,2005,2009
1948,,,2004,2009
1949,,,2004,2009
1950,,,2003,2009
1951,,,2003,2009
1952,,,1997,2009
1953,48.888919,-103.008794,2002,2009
1954,,,2002,2009
1955,48.888919,-103.008794,2006,2009
1956,,,2004,2009
1957,,,2002,2009
1958,,,2004,2009
1959,,,2004,2009
1960,,,2005,2009
1961,,,2006,2009
1962,,,2000,2009
1963,,,2004,2009
1964,,,2006,2009
1965,,,2003,2009
1966,,,2006,2009
1967,,,2006,2009
1968,,,2007,2009
1969,,,2004,2009
1970,,,2006,2009
1971,,,2004,2009
1972,,,2007,2009
1973,,,2004,2009
1974,,,2004,2009
1975,,,2006,2009
1976,,,2006,2009
1977,,,2005,2009
1978,48.888919,-103.008794,2006,2009
1979,,,2006,2009
1980,,,2003,2009
1981,,,2006,2009
1982,,,2008,2009
1983,,,2002,2009
1984,,,2008,2009
1985,,,2004,2009
1986,,,2004,2009
1987,,,2006,2009
1988,,,2005,2009
1989,,,2004,2009
1990,,,2007,2009
1991,,,2005,2009
1992,,,2004,2009
1993,,,2004,2009
1994,,,2003,2009
1995,,,2002,2009
1996,41.574746,-87.7412022,2003,2009
1997,,,2004,2009
1998,,,2003,2009
1999,,,2005,2009
2000,,,2006,2009
2001,47.7595071,-122.19100215821415,2003,2009
2002,,,2005,2009
2003,,,2005,2009
2004,,,2003,2009
2005,,,2003,2009
2006,,,2004,2009
2007,,,2005,2010
2008,,,2004,2010
2009,,,2004,2010
2010,,,2005,2010
2011,,,2004,2010
2012,,,2004,2010
2013,,,2006,2010
2014,,,2007,2010
2015,48.888919,-103.008794,2006,2010
2016,48.888919,-103.008794,2007,2010
2017,,,2007,2010
2018,40.929392449999995,-74.267337336319,2004,2010
2019,,,2007,2010
2020,,,2004,2010
2021,,,2005,2010
2022,,,2006,2010
2023,,,2007,2010
2024,,,2004,2010
2025,,,2008,2010
2026,,,2006,2010
2027,,,2006,2010
2028,,,2005,2010
2029,,,2005,2010
2030,48.888919,-103.008794,2005,2010
2031,48.888919,-103.008794,2005,2010
2032,,,2003,2010
2033,,,2008,2010
2034,,,2007,2010
2035,,,2005,2010
2036,,,2005,2010
2037,,,2005,2010
2038,,,2004,2010
2039,,,2006,2010
2040,,,2005,2010
2041,,,2004,2010
2042,,,2008,2010
2043,,,2008,2010
2044,,,2006,2010
2045,,,2006,2010
2046,,,2006,2010
2047,,,2004,2010
2048,,,2000,2010
2049,35.02678805,-106.63479844375736,2005,2010
2050,,,2007,2010
2051,38.580382099999994,-121.50582289825674,2002,2010
2052,,,2008,2010
2053,,,2005,2010
2054,,,2003,2010
2055,42.067485,-75.773932,2007,2010
2056,,,2004,2010
2057,,,2005,2010
2058,,,2007,2010
2059,,,2005,2010
2060,48.888919,-103.008794,2005,2010
2061,18.126941950000003,-66.49595326236332,2006,2010
2062,48.888919,-103.008794,2005,2010
2063,,,2008,2010
2064,,,2006,2010
2065,,,2003,2010
2066,,,2005,2010
2067,,,2002,2010
2068,,,2008,2010
2069,,,2007,2010
2070,,,2009,2010
2071,,,2003,2010
2072,47.7595071,-122.19100215821415,2007,2010
2073,,,2006,2010
2074,,,2007,2010
2075,,,2005,2010
2076,,,2008,2010
2077,,,2007,2010
2078,,,2000,2010
2079,48.888919,-103.008794,2000,2010
2080,,,2004,2010
2081,,,2006,2010
2082,,,2005,2010
2083,,,2005,2010
2084,,,2004,2010
2085,,,2006,2010
2086,,,2003,2010
2087,40.4437584,-79.9423308,2007,2010
2088,,,2009,2010
2089,,,2005,2010
2090,,,2009,2010
2091,,,2006,2010
2092,,,2009,2010
2093,,,2007,2010
2094,,,2009,2010
2095,,,2005,2010
2096,,,2007,2010
2097,,,2007,2010
2098,,,2007,2010
2099,,,2003,2010
2100,,,2007,2010
2101,,,2003,2010
2102,,,2005,2010
2103,,,2003,2010
2104,,,2004,2010
2105,,,2009,2010
2106,,,2008,2010
2107,48.888919,-103.008794,2005,2010
2108,,,2004,2010
2109,,,2009,2010
2110,,,2006,2010
2111,,,2004,2010
2112,,,2007,2010
2113,,,2005,2010
2114,,,2007,2010
2115,,,2009,2010
2116,,,2002,2010
2117,,,2008,2010
2118,,,2002,2010
2119,,,2006,2010
2120,,,2007,2010
2121,,,2006,2010
2122,,,2004,2010
2123,,,2003,2010
2124,,,2007,2010
2125,,,2006,2010
2126,,,2007,2010
2127,,,2007,2010
2128,36.7930901,-98.67294270477655,2005,2010
2129,,,2007,2010
2130,,,2006,2010
2131,,,2005,2010
2132,,,2004,2010
2133,,,2007,2010
2134,,,2006,2011
2135,,,2004,2011
2136,,,2005,2011
2137,,,2006,2011
2138,,,2002,2011
2139,,,2007,2011
2140,,,2008,2011
2141,,,2006,2011
2142,,,2008,2011
2143,,,2004,2011
2144,,,2007,2011
2145,,,2010,2011
2146,,,2003,2011
2147,,,2005,2011
2148,,,2008,2011
2149,,,2007,2011
2150,,,2005,2011
2151,,,2010,2011
2152,,,2007,2011
2153,,,2010,2011
2154,,,2004,2011
2155,,,2007,2011
2156,,,2009,2011
2157,,,2006,2011
2158,,,2007,2011
2159,,,2008,2011
2160,,,2006,2011
2161,28.2755367,-82.63990772326852,2007,2011
2162,,,2002,2011
2163,,,2006,2011
2164,,,2007,2011
2165,,,2005,2011
2166,,,2007,2011
2167,,,2007,2011
2168,,,2007,2011
2169,,,2008,2011
2170,,,2006,2011
2171,,,2008,2011
2172,,,2006,2011
2173,,,2004,2011
2174,,,2007,2011
2175,,,2005,2011
2176,,,2006,2011
2177,48.888919,-103.008794,2007,2011
2178,,,2009,2011
2179,,,2009,2011
2180,,,2008,2011
2181,,,2008,2011
2182,,,2006,2011
2183,,,2008,2011
2184,,,2003,2011
2185,,,2008,2011
2186,,,2005,2011
2187,,,2009,2011
2188,,,2007,2011
2189,,,2009,2011
2190,,,2004,2011
2191,,,2005,2011
2192,,,2009,2011
2193,,,2007,2011
2194,,,2004,2011
2195,,,2002,2011
2196,,,2010,2011
2197,,,2006,2011
2198,,,2009,2011
2199,,,2003,2011
2200,,,2006,2011
2201,36.77913305,-76.09451143388634,2007,2011
2202,,,2004,2011
2203,48.888919,-103.008794,2005,2011
2204,,,2007,2011
2205,,,2006,2011
2206,,,2006,2011
2207,,,2009,2011
2208,,,2004,2011
2209,,,2003,2011
2210,,,2006,2011
2211,,,2005,2011
2212,,,2010,2011
2213,,,2004,2011
2214,,,2008,2011
2215,,,2008,2011
2216,40.929392449999995,-74.267337336319,2005,2011
2217,,,2006,2011
2218,48.888919,-103.008794,2003,2011
2219,,,2009,2011
2220,,,2007,2011
2221,,,2009,2011
2222,,,2006,2011
2223,,,2006,2011
2224,,,2009,2011
2225,,,2005,2011
2226,,,2004,2011
2227,,,2007,2011
2228,48.888919,-103.008794,2009,2011
2229,48.888919,-103.008794,2009,2011
2230,36.7930901,-98.67294270477655,2007,2011
2231,,,2006,2011
2232,48.888919,-103.008794,2010,2011
2233,48.888919,-103.008794,2010,2011
2234,48.888919,-103.008794,2010,2011
2235,,,2002,2011
2236,,,2007,2011
2237,,,2009,2011
2238,,,2007,2011
2239,,,2003,2011
2240,48.888919,-103.008794,2010,2011
2241,48.888919,-103.008794,2009,2011
2242,,,2006,2011
2243,,,2005,2011
2244,,,2009,2011
2245,,,2008,2011
2246,35.02678805,-106.63479844375736,2004,2011
2247,,,2008,2011
2248,,,2004,2011
2249,48.888919,-103.008794,2008,2011
2250,,,2006,2011
2251,,,2009,2011
2252,,,2009,2011
2253,35.666821,-78.5088921,2006,2011
2254,,,2009,2011
2255,,,2005,2011
2256,,,2006,2011
2257,,,2006,2011
2258,,,2004,2011
2259,,,2009,2011
2260,,,2006,2011
2261,,,2010,2011
2262,,,2008,2011
2263,,,2006,2011
2264,,,2009,2011
2265,,,2006,2011
2266,,,2008,2011
2267,,,2005,2011
2268,,,2006,2011
2269,,,2008,2011
2270,,,2004,2011
2271,,,2007,2011
2272,,,2004,2011
2273,,,2005,2011
2274,48.888919,-103.008794,2005,2011
2275,,,2007,2011
2276,,,2008,2011
2277,,,2006,2011
2278,,,2008,2011
2279,,,2002,2011
2280,,,2007,2011
2281,,,2009,2011
2282,,,2006,2011
2283,,,2007,2011
2284,,,2005,2011
2285,,,2008,2011
2286,,,2008,2011
2287,,,2009,2011
2288,26.2964888,-81.4433281,2005,2011
2289,41.55591495,-73.03900829500714,2008,2011
2290,,,2004,2012
2291,,,2007,2012
2292,,,2007,2012
2293,,,2006,2012
2294,,,2007,2012
2295,,,2007,2012
2296,,,2007,2012
2297,48.888919,-103.008794,2011,2012
2298,,,2010,2012
2299,43.00480865,-70.80809533243931,2007,2012
2300,,,2004,2012
2301,,,2004,2012
2302,,,2007,2012
2303,,,2011,2012
2304,,,2009,2012
2305,48.888919,-103.008794,2007,2012
2306,,,2007,2012
2307,,,2007,2012
2308,,,2006,2012
2309,,,2009,2012
2310,48.888919,-103.008794,2008,2012
2311,,,2005,2012
2312,,,2005,2012
2313,,,2003,2012
2314,,,2007,2012
2315,,,2007,2012
2316,48.888919,-103.008794,2005,2012
2317,,,2007,2012
2318,,,2009,2012
2319,,,2009,2012
2320,50.7093261,13.594392913870553,2009,2012
2321,,,2005,2012
2322,,,2003,2012
2323,,,2003,2012
2324,,,2003,2012
2325,,,2005,2012
2326,,,2009,2012
2327,,,2008,2012
2328,,,2009,2012
2329,,,2010,2012
2330,,,2005,2012
2331,,,2008,2012
2332,47.7595071,-122.19100215821415,2008,2012
2333,,,2005,2012
2334,,,2011,2012
2335,,,2008,2012
2336,41.55591495,-73.03900829500714,2008,2012
2337,,,2003,2012
2338,,,2010,2012
2339,48.888919,-103.008794,2005,2012
2340,48.888919,-103.008794,2007,2012
2341,18.126941950000003,-66.49595326236332,2004,2012
2342,,,2008,2012
2343,,,2007,2012
2344,,,2004,2012
2345,,,2011,2012
2346,47.7595071,-122.19100215821415,2009,2012
2347,,,2010,2012
2348,,,2008,2012
2349,,,2008,2012
2350,48.888919,-103.008794,2010,2012
2351,,,2005,2012
2352,48.888919,-103.008794,2005,2012
2353,,,2008,2012
2354,,,2007,2012
2355,,,2007,2012
2356,,,2008,2012
2357,,,2010,2012
2358,36.77913305,-76.09451143388634,2004,2012
2359,,,2009,2012
2360,48.888919,-103.008794,2008,2012
2361,48.888919,-103.008794,2009,2012
2362,,,2011,2012
2363,,,2009,2012
2364,48.888919,-103.008794,2011,2012
2365,,,2011,2012
2366,,,2009,2012
2367,,,2010,2012
2368,,,2011,2012
2369,,,2005,2012
2370,,,2009,2012
2371,,,2010,2012
2372,,,2005,2012
2373,,,2009,2012
2374,48.888919,-103.008794,2006,2012
2375,,,2008,2012
2376,26.2964888,-81.4433281,2006,2012
2377,,,2011,2012
2378,,,2005,2012
2379,,,2010,2012
2380,,,2008,2012
2381,,,2007,2012
2382,,,2011,2012
2383,,,2011,2012
2384,,,2010,2012
2385,,,2010,2012
2386,,,2009,2012
2387,,,2007,2012
2388,,,2005,2012
2389,,,2010,2012
2390,,,2004,2012
2391,,,2001,2012
2392,,,2008,2012
2393,42.067485,-75.773932,2008,2012
2394,,,2008,2012
2395,,,2007,2012
2396,40.929392449999995,-74.267337336319,2009,2012
2397,48.888919,-103.008794,2005,2012
2398,42.067485,-75.773932,2010,2012
2399,,,2009,2012
2400,,,2009,2012
2401,,,2008,2012
2402,,,2007,2012
2403,,,2007,2012
2404,,,2005,2012
2405,,,2008,2012
2406,,,2008,2012
2407,,,2010,2012
2408,,,2006,2012
2409,47.7595071,-122.19100215821415,2011,2012
2410,,,2007,2012
2411,48.888919,-103.008794,2007,2012
2412,,,2009,2012
2413,,,2008,2012
2414,48.888919,-103.008794,2005,2012
2415,48.888919,-103.008794,2005,2012
2416,,,2010,2012
2417,48.888919,-103.008794,2002,2012
2418,,,2010,2012
2419,,,2011,2012
2420,,,2011,2012
2421,,,2009,2012
2422,,,2010,2012
2423,,,2011,2012
2424,,,2006,2012
2425,,,2007,2012
2426,48.888919,-103.008794,2006,2012
2427,,,2007,2012
2428,,,2005,2012
2429,,,2006,2012
2430,,,2010,2012
2431,,,2008,2012
2432,,,2010,2012
2433,,,2005,2012
2434,,,2009,2012
2435,,,2010,2012
2436,,,2008,2012
2437,,,2007,2012
2438,,,2011,2012
2439,,,2008,2012
2440,,,2011,2012
2441,,,2009,2012
2442,,,2010,2012
2443,,,2005,2012
2444,,,2011,2012
2445,,,2011,2012
2446,,,2009,2012
2447,,,2006,2012
2448,,,2007,2012
2449,48.888919,-103.008794,2006,2012
2450,,,2007,2012
2451,,,2007,2012
2452,,,2003,2012
2453,,,2009,2012
2454,,,2007,2012
2455,,,2010,2012
2456,,,2011,2012
2457,,,2007,2012
2458,35.02678805,-106.63479844375736,2009,2012
2459,,,2005,2012
2460,,,2010,2012
2461,,,2004,2012
2462,36.77913305,-76.09451143388634,2009,2012
2463,,,2011,2012
2464,48.888919,-103.008794,2010,2012
2465,,,2011,2012
2466,48.888919,-103.008794,2006,2012
2467,,,2010,2012
2468,,,2011,2012
2469,,,2011,2012
2470,,,2007,2012
2471,,,2012,2012
2472,,,2008,2012
2473,,,2007,2012
2474,,,2006,2012
2475,,,2009,2012
2476,,,2003,2012
2477,35.666821,-78.5088921,2009,2012
2478,,,2012,2012
2479,,,2010,2012
2480,,,2004,2012
2481,,,2008,2012
2482,,,2010,2012
2483,,,2005,2012
2484,,,2010,2012
2485,,,2011,2012
2486,,,2005,2012
2487,,,2010,2012
2488,,,2011,2012
2489,,,2003,2012
2490,39.8706764,-76.7074724,2010,2013
2491,,,2007,2013
2492,48.888919,-103.008794,2003,2013
2493,,,2011,2013
2494,,,2006,2013
2495,,,2011,2013
2496,38.4240283,-76.55338350743781,2011,2013
2497,,,2010,2013
2498,,,2007,2013
2499,,,2008,2013
2500,42.5417755,-71.6438774,2008,2013
2501,,,2011,2013
2502,,,2007,2013
2503,38.130839,-78.901363,2011,2013
2504,,,2008,2013
2505,,,2010,2013
2506,,,2010,2013
2507,40.4929271,-74.44520167306827,2007,2013
2508,,,2006,2013
2509,37.6535403,-122.4168664,2007,2013
2510,37.6535403,-122.4168664,2009,2013
2511,,,2010,2013
2512,,,2007,2013
2513,,,2011,2013
2514,,,2007,2013
2515,,,2007,2013
2516,37.6535403,-122.4168664,2008,2013
2517,37.6535403,-122.4168664,2008,2013
2518,37.6535403,-122.4168664,2009,2013
2519,37.6535403,-122.4168664,2009,2013
2520,37.6535403,-122.4168664,2009,2013
2521,37.6535403,-122.4168664,2005,2013
2522,,,2009,2013
2523,47.2067071,-1.5716565976582118,2009,2013
2524,,,2010,2013
2525,,,2008,2013
2526,,,2005,2013
2527,42.5417755,-71.6438774,2007,2013
2528,,,2007,2013
2529,40.190796,-74.677988,2010,2013
2530,37.6535403,-122.4168664,2009,2013
2531,,,2010,2013
2532,,,2008,2013
2533,40.84431,-81.375651,2012,2013
2534,,,2011,2013
2535,,,2010,2013
2536,,,2006,2013
2537,43.0765007,-89.4255137,2006,2013
2538,,,2009,2013
2539,,,2011,2013
2540,,,2007,2013
2541,,,2009,2013
2542,,,2010,2013
2543,38.9925372,-76.3794605,2011,2013
2544,,,2006,2013
2545,,,2012,2013
2546,,,2012,2013
2547,,,2011,2013
2548,,,2004,2013
2549,43.017112850000004,-76.11855360009726,2010,2013
2550,,,2011,2013
2551,,,2005,2013
2552,,,2008,2013
2553,,,2009,2013
2554,,,2008,2013
2555,,,2009,2013
2556,,,2011,2013
2557,,,2009,2013
2558,,,2005,2013
2559,,,2009,2013
2560,,,2006,2013
2561,,,2007,2013
2562,,,2011,2013
2563,,,2009,2013
2564,,,2011,2013
2565,,,2004,2013
2566,37.6535403,-122.4168664,2009,2013
2567,40.7595245,-73.8324278,2012,2013
2568,,,2010,2013
2569,,,2011,2013
2570,,,2011,2013
2571,,,2010,2013
2572,,,2010,2013
2573,,,2010,2013
2574,39.075609,-104.8698511,2011,2013
2575,,,2012,2013
2576,,,2010,2013
2577,,,2009,2013
2578,53.33917155,-6.2629391028003685,2008,2013
2579,,,2012,2013
2580,,,2012,2013
2581,,,2007,2013
2582,,,2007,2013
2583,,,2010,2013
2584,33.781682849999996,-84.40393637411363,2012,2013
2585,,,2008,2013
2586,,,2010,2013
2587,,,2007,2013
2588,,,2006,2013
2589,,,2011,2013
2590,,,2011,2013
2591,40.7162381,-73.9992609,2012,2013
2592,,,2008,2013
2593,,,2007,2013
2594,,,2012,2013
2595,,,2006,2013
2596,,,2012,2013
2597,47.6543238,-122.30800894320257,2012,2013
2598,,,2010,2013
2599,,,2008,2013
2600,40.190796,-74.677988,2012,2013
2601,,,2011,2013
2602,,,2009,2013
2603,,,2012,2013
2604,47.2067071,-1.5716565976582118,2008,2013
2605,,,2011,2013
2606,40.84431,-81.375651,2010,2013
2607,40.84431,-81.375651,2010,2013
2608,,,2006,2013
2609,,,2008,2013
2610,34.0825447,-79.3716287,2010,2013
2611,,,2010,2013
2612,47.2067071,-1.5716565976582118,2011,2013
2613,,,2007,2013
2614,,,2011,2013
2615,,,2012,2013
2616,37.1830306,-93.354462,2006,2013
2617,,,2010,2013
2618,,,2010,2013
2619,,,2010,2013
2620,37.6535403,-122.4168664,2011,2013
2621,,,2009,2013
2622,,,2010,2013
2623,,,2010,2013
2624,,,2011,2013
2625,35.7714749,-78.6741935,2005,2013
2626,,,2012,2013
2627,,,2011,2013
2628,,,2010,2013
2629,,,2011,2013
2630,,,2012,2013
2631,,,2009,2013
2632,,,2012,2013
2633,,,2010,2013
2634,52.67375155,-8.570985622785479,2010,2013
2635,41.82686925,-71.40124506686722,2010,2013
2636,45.5990588,-96.8495045,2010,2013
2637,,,2005,2013
2638,,,2013,2013
2639,,,2010,2013
2640,,,2010,2013
2641,-22.77586575,-43.686764864122004,2009,2013
2642,,,2012,2013
2643,,,2007,2013
2644,,,2006,2013
2645,,,2010,2013
2646,,,2009,2013
2647,,,2009,2013
2648,37.6535403,-122.4168664,2008,2013
2649,,,2011,2013
2650,,,2006,2013
2651,37.1830306,-93.354462,2011,2013
2652,,,2012,2013
2653,,,2012,2013
2654,40.4112414,-84.9833572,2011,2013
2655,36.04373,-79.401666,2008,2013
2656,,,2012,2013
2657,,,2011,2013
2658,,,2009,2013
2659,,,2008,2013
2660,,,2006,2013
2661,37.1830306,-93.354462,2011,2013
2662,53.73601015,-0.35457616483413557,2003,2013
2663,,,2010,2013
2664,,,2010,2013
2665,,,2008,2013
2666,,,2011,2013
2667,,,2011,2013
2668,,,2011,2013
2669,,,2011,2013
2670,37.6535403,-122.4168664,2011,2013
2671,,,2011,2013
2672,26.6946225,-81.5743277,2011,2013
2673,,,2011,2013
2674,35.7714749,-78.6741935,2009,2013
2675,,,2010,2013
2676,40.7595245,-73.8324278,2012,2013
2677,,,2003,2013
2678,,,2011,2013
2679,40.84431,-81.375651,2010,2013
2680,36.77950495,-76.09297200361628,2010,2013
2681,,,2012,2013
2682,,,2003,2013
2683,,,2012,2013
2684,,,2009,2013
2685,,,2009,2013
2686,,,2009,2013
2687,,,2012,2013
2688,,,2007,2013
2689,40.7211872,-111.8937371,2010,2013
2690,41.82175755,-72.24277535505323,2011,2013
2691,,,2005,2013
2692,,,2009,2013
2693,,,2009,2013
2694,,,2012,2013
2695,,,2011,2013
2696,,,2009,2013
2697,,,2010,2013
2698,,,2009,2013
2699,,,2009,2013
2700,,,2012,2013
2701,,,2009,2013
2702,,,2011,2013
2703,40.5860647,-74.6318976,2008,2013
2704,38.4240283,-76.55338350743781,2009,2013
2705,29.825009,-95.478675,2007,2013
2706,,,2010,2013
2707,1.2904696,103.8574599,2007,2013
2708,38.634807,-90.258941,2009,2013
2709,,,2008,2013
2710,40.5860647,-74.6318976,2008,2013
2711,,,2008,2013
2712,,,2008,2013
2713,,,2010,2013
2714,,,2010,2013
2715,,,2012,2013
2716,,,2012,2013
2717,40.84431,-81.375651,2010,2013
2718,,,2009,2013
2719,,,2009,2013
2720,,,2011,2013
2721,,,2010,2013
2722,,,2012,2013
2723,,,2009,2013
2724,,,2011,2013
2725,42.0551164,-87.67581113482166,2011,2013
2726,,,2011,2013
2727,,,2009,2013
2728,,,2013,2013
2729,,,2010,2013
2730,,,2009,2013
2731,,,2008,2013
2732,45.7953952,-111.18186669488554,2008,2013
2733,,,2008,2013
2734,,,2011,2013
2735,,,2011,2013
2736,,,2011,2013
2737,,,2003,2013
2738,40.7595245,-73.8324278,2012,2013
2739,,,2012,2013
2740,,,2012,2013
2741,,,2012,2013
2742,,,2012,2013
2743,,,2002,2013
2744,,,2011,2013
2745,,,2006,2013
2746,,,2012,2013
2747,,,2012,2013
2748,,,2011,2013
2749,42.2538509,-72.3596157,2010,2013
2750,,,2012,2013
2751,,,2012,2013
2752,,,2010,2013
2753,,,2009,2013
2754,,,2007,2013
2755,38.895847950000004,-77.03654431512868,2009,2013
2756,,,2012,2013
2757,,,2009,2013
2758,,,2009,2013
2759,,,2009,2013
2760,,,2010,2013
2761,,,2009,2013
2762,,,2010,2013
2763,,,2012,2013
2764,,,2007,2013
2765,,,2011,2013
2766,,,2009,2013
2767,34.66869155,-82.83743475607795,2012,2013
2768,,,2011,2013
2769,,,2006,2013
2770,,,2008,2013
2771,,,2009,2013
2772,,,2011,2013
2773,53.33917155,-6.2629391028003685,2010,2013
2774,,,2010,2013
2775,,,2012,2013
2776,,,2010,2013
2777,,,2012,2013
2778,39.101985,117.1609501175526,2009,2014
2779,,,2010,2014
2780,,,2013,2014
2781,,,2012,2014
2782,,,2012,2014
2783,,,2011,2014
2784,,,2007,2014
2785,,,2003,2014
2786,52.3793131,-1.5604252,2007,2014
2787,40.5860647,-74.6318976,2007,2014
2788,,,2011,2014
2789,,,2008,2014
2790,,,2013,2014
2791,,,2013,2014
2792,,,2010,2014
2793,43.1576969,-77.58829157560066,2007,2014
2794,,,2008,2014
2795,,,2010,2014
2796,,,2012,2014
2797,,,2011,2014
2798,42.3636113,-71.0788471,2006,2014
2799,,,2006,2014
2800,,,2013,2014
2801,,,2012,2014
2802,,,2008,2014
2803,,,2006,2014
2804,,,2008,2014
2805,,,2010,2014
2806,29.825009,-95.478675,2010,2014
2807,,,2012,2014
2808,,,2011,2014
2809,,,2009,2014
2810,,,2010,2014
2811,,,2009,2014
2812,,,2005,2014
2813,,,2012,2014
2814,,,2010,2014
2815,,,2008,2014
2816,,,2007,2014
2817,,,2012,2014
2818,,,2011,2014
2819,,,2007,2014
2820,37.6535403,-122.4168664,2011,2014
2821,,,2011,2014
2822,,,2012,2014
2823,,,2012,2014
2824,,,2012,2014
2825,-20.3451928,-40.3776199444963,2007,2014
2826,,,2005,2014
2827,,,2011,2014
2828,,,2013,2014
2829,38.9034613,-77.0693577,2011,2014
2830,,,2012,2014
2831,,,2006,2014
2832,,,2011,2014
2833,,,2006,2014
2834,,,2008,2014
2835,,,2010,2014
2836,,,2013,2014
2837,,,2012,2014
2838,,,2004,2014
2839,,,2009,2014
2840,,,2012,2014
2841,,,2012,2014
2842,,,2012,2014
2843,,,2010,2014
2844,,,2011,2014
2845,,,2012,2014
2846,,,2009,2014
2847,,,2011,2014
2848,,,2010,2014
2849,,,2006,2014
2850,,,2009,2014
2851,,,2007,2014
2852,,,2011,2014
2853,,,2007,2014
2854,,,2010,2014
2855,,,2010,2014
2856,,,2005,2014
2857,,,2010,2014
2858,,,2012,2014
2859,,,2005,2014
2860,,,2012,2014
2861,,,2010,2014
2862,,,2010,2014
2863,,,2012,2014
2864,,,2012,2014
2865,29.825009,-95.478675,2010,2014
2866,29.825009,-95.478675,2012,2014
2867,,,2011,2014
2868,25.71727245,-80.27870688083459,2008,2014
2869,,,2010,2014
2870,,,2011,2014
2871,,,2012,2014
2872,,,2009,2014
2873,38.895847950000004,-77.03654431512868,2013,2014
2874,,,2012,2014
2875,,,2007,2014
2876,,,2007,2014
2877,,,2010,2014
2878,,,2013,2014
2879,,,2012,2014
2880,,,2008,2014
2881,,,2008,2014
2882,-32.896673050000004,151.70675374482357,2012,2014
2883,,,2012,2014
2884,,,2007,2014
2885,,,2004,2014
2886,-19.5687682,-40.1721991,2012,2014
2887,,,2009,2014
2888,,,2011,2014
2889,53.73601015,-0.35457616483413557,2012,2014
2890,,,2013,2014
2891,,,2009,2014
2892,,,2010,2014
2893,20.2730645,85.7818625,2010,2014
2894,,,2010,2014
2895,,,2006,2014
2896,,,2012,2014
2897,42.35720515,-83.07094978691399,2011,2014
2898,,,2009,2014
2899,,,2008,2014
2900,,,2010,2014
2901,,,2011,2014
2902,43.0765007,-89.4255137,2006,2014
2903,53.27643085,-9.058329222057601,2009,2014
2904,,,2009,2014
2905,,,2011,2014
2906,,,2004,2014
2907,,,2012,2014
2908,56.1670905,10.202617693592895,2010,2014
2909,42.3582393,-71.09663495185691,2010,2014
2910,,,2006,2014
2911,,,2010,2014
2912,,,2013,2014
2913,,,2011,2014
2914,,,2009,2014
2915,42.450550699999994,-76.47835129554275,2010,2014
2916,38.9265622,-94.7211894,2008,2014
2917,37.6535403,-122.4168664,2012,2014
2918,,,2009,2014
2919,29.825009,-95.478675,2005,2014
2920,,,2006,2014
2921,,,2005,2014
2922,,,2013,2014
2923,,,2012,2014
2924,,,2012,2014
2925,,,2001,2014
2926,,,2012,2014
2927,,,2012,2014
2928,,,2008,2014
2929,,,2010,2014
2930,,,2013,2014
2931,,,2009,2014
2932,,,2012,2014
2933,42.2538509,-72.3596157,2008,2014
2934,32.8726508,-117.2020734,2009,2014
2935,37.1830306,-93.354462,2010,2014
2936,53.73601015,-0.35457616483413557,2005,2014
2937,,,2012,2014
2938,,,2010,2014
2939,29.825009,-95.478675,2012,2014
2940,,,2012,2014
2941,,,2003,2014
2942,,,2011,2014
2943,,,2009,2014
2944,43.0765007,-89.4255137,2010,2014
2945,,,2008,2014
2946,,,2009,2014
2947,,,2009,2014
2948,,,2012,2014
2949,,,2010,2014
2950,,,2011,2014
2951,37.1830306,-93.354462,2010,2014
2952,,,2008,2014
2953,,,2013,2014
2954,,,2009,2014
2955,,,2007,2014
2956,,,2013,2014
2957,40.7598382,-73.8326456,2013,2014
2958,,,2010,2014
2959,,,2012,2014
2960,38.99203005,-76.94610290199051,2009,2014
2961,,,2010,2014
2962,,,2012,2014
2963,,,2008,2014
2964,,,2011,2014
2965,,,2011,2014
2966,,,2011,2014
2967,,,2009,2014
2968,,,2009,2014
2969,40.5860647,-74.6318976,2009,2014
2970,,,2011,2014
2971,,,2010,2014
2972,,,2010,2014
2973,,,2009,2014
2974,,,2013,2014
2975,42.5417755,-71.6438774,2011,2014
2976,,,2012,2014
2977,,,2012,2014
2978,48.9524356,24.7594178,2011,2014
2979,,,2011,2014
2980,37.6535403,-122.4168664,2011,2014
2981,,,2013,2014
2982,,,2013,2014
2983,,,2013,2014
2984,,,2008,2014
2985,,,2012,2014
2986,,,2013,2014
2987,40.4929271,-74.44520167306827,2010,2014
2988,,,2011,2014
2989,,,2003,2014
2990,,,2009,2014
2991,38.895847950000004,-77.03654431512868,2014,2014
2992,,,2007,2014
2993,,,2010,2014
2994,,,2010,2014
2995,,,2013,2014
2996,,,2013,2014
2997,,,2012,2014
2998,,,2013,2014
2999,37.1830306,-93.354462,2010,2014
3000,,,2013,2014
3001,,,2010,2014
3002,,,2011,2014
3003,34.6161421,-82.4840775,2008,2014
3004,,,2013,2014
3005,,,2008,2014
3006,,,2014,2014
3007,,,2013,2014
3008,,,2009,2014
3009,,,2012,2014
3010,,,2009,2014
3011,,,2011,2014
3012,,,2010,2014
3013,43.1748192,-86.2849762,2012,2014
3014,,,2011,2014
3015,,,2012,2014
3016,,,2013,2014
3017,38.4240283,-76.55338350743781,2011,2014
3018,,,2013,2014
3019,,,2009,2014
3020,,,2011,2014
3021,,,2010,2014
3022,,,2010,2014
3023,,,2012,2014
3024,,,2013,2014
3025,,,2006,2014
3026,,,2010,2014
3027,,,2011,2014
3028,,,2013,2014
3029,,,2009,2014
3030,,,2010,2014
3031,,,2012,2014
3032,,,2006,2014
3033,,,2010,2014
3034,,,2009,2014
3035,,,2006,2014
3036,,,2014,2014
3037,,,2013,2014
3038,,,2010,2014
3039,,,2013,2014
3040,,,2014,2014
3041,,,2013,2014
3042,,,2010,2014
3043,,,2009,2014
3044,,,2006,2014
3045,,,2013,2014
3046,,,2011,2014
3047,,,2012,2014
3048,47.2067071,-1.5716565976582118,2013,2014
3049,39.33020225,-76.62185357858337,2012,2014
3050,37.6535403,-122.4168664,2013,2014
3051,,,2010,2014
3052,,,2013,2014
3053,,,2011,2014
3054,,,2010,2014
3055,48.60508495,7.71274395,2010,2014
3056,,,2003,2014
3057,37.38266525,-121.92966247432815,2008,2014
3058,,,2013,2014
3059,,,2008,2014
3060,,,2013,2014
3061,48.3698338,10.8969073,2007,2014
3062,,,2012,2014
3063,,,2006,2014
3064,,,2013,2014
3065,,,2011,2014
3066,,,2009,2014
3067,,,2010,2014
3068,,,2006,2014
3069,,,2010,2014
3070,,,2011,2014
3071,,,2011,2014
3072,,,2014,2014
3073,38.895847950000004,-77.03654431512868,2014,2014
3074,,,2006,2014
3075,25.02532085,121.56144177777671,2010,2014
3076,40.444189699999995,-79.94271918393466,2013,2014
3077,,,2011,2014
3078,,,2008,2014
3079,,,2006,2014
3080,40.5860647,-74.6318976,2013,2014
3081,,,2010,2014
3082,,,2013,2014
3083,,,2008,2014
3084,,,2011,2014
3085,39.60322875,-104.8391371147502,2012,2014
3086,,,2006,2014
3087,,,2011,2014
3088,,,2009,2014
3089,,,2008,2014
3090,,,2013,2014
3091,,,2005,2015
3092,,,2012,2015
3093,,,2010,2015
3094,53.27643085,-9.058329222057601,2011,2015
3095,,,2013,2015
3096,,,2013,2015
3097,,,2008,2015
3098,,,2014,2015
3099,,,2008,2015
3100,,,2011,2015
3101,45.5990588,-96.8495045,2013,2015
3102,1.2904696,103.8574599,2010,2015
3103,,,2011,2015
3104,,,2012,2015
3105,,,2012,2015
3106,30.3183338,-97.674904,2011,2015
3107,,,2013,2015
3108,,,2014,2015
3109,,,2013,2015
3110,,,2013,2015
3111,,,2012,2015
3112,50.430456899999996,-104.55438603574936,2010,2015
3113,,,2010,2015
3114,,,2011,2015
3115,,,2010,2015
3116,,,2009,2015
3117,,,2012,2015
3118,,,2011,2015
3119,37.418583,-122.14799680863692,2011,2015
3120,,,2009,2015
3121,,,2013,2015
3122,,,2013,2015
3123,29.7104775,-95.39580027495086,2010,2015
3124,,,2013,2015
3125,,,2006,2015
3126,,,2013,2015
3127,,,2010,2015
3128,,,2008,2015
3129,,,2009,2015
3130,,,2012,2015
3131,,,2014,2015
3132,52.3766153,16.8780025,2007,2015
3133,,,2009,2015
3134,,,2011,2015
3135,,,2011,2015
3136,,,2010,2015
3137,,,2009,2015
3138,42.36461215,-71.09019956085477,2007,2015
3139,,,2007,2015
3140,36.04373,-79.401666,2012,2015
3141,,,2010,2015
3142,,,2011,2015
3143,,,2011,2015
3144,41.82175755,-72.24277535505323,2012,2015
3145,,,2009,2015
3146,,,2013,2015
3147,,,2011,2015
3148,,,2013,2015
3149,,,2012,2015
3150,45.7953952,-111.18186669488554,2012,2015
3151,,,2006,2015
3152,42.0551164,-87.67581113482166,2013,2015
3153,,,2012,2015
3154,,,2012,2015
3155,,,2008,2015
3156,,,2009,2015
3157,,,2007,2015
3158,,,2010,2015
3159,,,2008,2015
3160,,,2013,2015
3161,,,2010,2015
3162,32.8726508,-117.2020734,2008,2015
3163,,,2011,2015
3164,,,2007,2015
3165,,,2007,2015
3166,,,2009,2015
3167,,,2009,2015
3168,,,2010,2015
3169,,,2014,2015
3170,1.2904696,103.8574599,2007,2015
3171,,,2006,2015
3172,,,2009,2015
3173,,,2009,2015
3174,36.14380105,-86.80281889095295,2011,2015
3175,,,2014,2015
3176,,,2013,2015
3177,,,2012,2015
3178,,,2015,2015
3179,,,2011,2015
3180,,,2011,2015
3181,,,2013,2015
3182,,,2007,2015
3183,,,2011,2015
3184,,,2009,2015
3185,,,2013,2015
3186,46.7337724,-117.14976069286374,2007,2015
3187,,,2009,2015
3188,,,2014,2015
3189,,,2012,2015
3190,,,2013,2015
3191,,,2013,2015
3192,,,2013,2015
3193,,,2007,2015
3194,,,2011,2015
3195,,,2010,2015
3196,36.77950495,-76.09297200361628,2011,2015
3197,43.017112850000004,-76.11855360009726,2009,2015
3198,,,2011,2015
3199,,,2012,2015
3200,,,2011,2015
3201,,,2009,2015
3202,,,2013,2015
3203,,,2010,2015
3204,38.9265622,-94.7211894,2014,2015
3205,,,2012,2015
3206,29.44412035,-98.61361086302894,2012,2015
3207,,,2011,2015
3208,,,2008,2015
3209,,,2014,2015
3210,,,2010,2015
3211,,,2013,2015
3212,,,2009,2015
3213,,,2010,2015
3214,,,2008,2015
3215,33.0392819,-117.2856672,2012,2015
3216,,,2009,2015
3217,25.02532085,121.56144177777671,2011,2015
3218,,,2007,2015
3219,,,2014,2015
3220,,,2013,2015
3221,45.10543655,-93.46723274487427,2008,2015
3222,,,2008,2015
3223,,,2009,2015
3224,,,2007,2015
3225,,,2013,2015
3226,,,2010,2015
3227,,,2011,2015
3228,,,2013,2015
3229,,,2012,2015
3230,,,2006,2015
3231,,,2010,2015
3232,,,2013,2015
3233,,,2008,2015
3234,,,2011,2015
3235,,,2009,2015
3236,,,2013,2015
3237,,,2006,2015
3238,,,2013,2015
3239,,,2011,2015
3240,,,2012,2015
3241,,,2012,2015
3242,,,2013,2015
3243,,,2013,2015
3244,,,2012,2015
3245,40.7598382,-73.8326456,2012,2015
3246,,,2007,2015
3247,22.2438092,114.1464612,2015,2015
3248,,,2008,2015
3249,,,2012,2015
3250,,,2011,2015
3251,,,2013,2015
3252,,,2008,2015
3253,,,2012,2015
3254,,,2009,2015
3255,,,2009,2015
3256,,,2014,2015
3257,,,2012,2015
3258,,,2011,2015
3259,,,2013,2015
3260,,,2013,2015
3261,,,2012,2015
3262,,,2010,2015
3263,,,2014,2015
3264,,,2012,2015
3265,33.992829799999996,-81.02685165712111,2006,2015
3266,,,2006,2015
3267,48.60508495,7.71274395,2011,2015
3268,,,2011,2015
3269,,,2008,2015
3270,,,2011,2015
3271,,,2014,2015
3272,,,2007,2015
3273,,,2011,2015
3274,,,2010,2015
3275,37.6535403,-122.4168664,2013,2015
3276,37.6535403,-122.4168664,2013,2015
3277,,,2012,2015
3278,,,2014,2015
3279,45.7953952,-111.18186669488554,2014,2015
3280,,,2012,2015
3281,,,2015,2015
3282,,,2012,2015
3283,,,2012,2015
3284,,,2012,2015
3285,30.37694325,114.26113889779933,2011,2015
3286,,,2005,2015
3287,,,2012,2015
3288,,,2010,2015
3289,,,2004,2015
3290,29.825009,-95.478675,2012,2015
3291,,,2012,2015
3292,,,2013,2015
3293,,,2011,2015
3294,36.77950495,-76.09297200361628,2008,2015
3295,,,2014,2015
3296,,,2012,2015
3297,29.8222954,-95.523663,2011,2015
3298,,,2013,2015
3299,,,2013,2015
3300,40.5860647,-74.6318976,2013,2015
3301,,,2009,2015
3302,,,2010,2015
3303,,,2013,2015
3304,,,2011,2015
3305,,,2009,2015
3306,25.04097555,121.61697798494431,2012,2015
3307,,,2012,2015
3308,,,2012,2015
3309,33.8575496,-109.9753782,2014,2015
3310,34.6161421,-82.4840775,2014,2015
3311,,,2013,2015
3312,34.6265264,-78.5775135,2013,2015
3313,,,2012,2015
3314,,,2011,2015
3315,,,2009,2015
3316,,,2014,2015
3317,,,2010,2015
3318,,,2012,2015
3319,,,2011,2015
3320,,,2009,2015
3321,,,2012,2015
3322,,,2011,2015
3323,,,2008,2015
3324,,,2015,2015
3325,,,2013,2015
3326,40.5860647,-74.6318976,2010,2015
3327,40.5860647,-74.6318976,2013,2015
3328,,,2013,2015
3329,,,2011,2015
3330,,,2012,2015
3331,,,2015,2015
3332,48.60508495,7.71274395,2012,2015
3333,,,2010,2015
3334,,,2012,2015
3335,,,2011,2015
3336,,,2014,2015
3337,,,2014,2015
3338,40.7421254,-74.17903159685589,2011,2015
3339,,,2013,2015
3340,,,2010,2015
3341,40.5860647,-74.6318976,2014,2015
3342,40.7421254,-74.17903159685589,2011,2015
3343,,,2012,2015
3344,,,2011,2015
3345,,,2014,2015
3346,38.732706,-120.2477266,2009,2015
3347,40.7421254,-74.17903159685589,2010,2015
3348,39.60322875,-104.8391371147502,2009,2015
3349,,,2012,2015
3350,43.1576969,-77.58829157560066,2012,2015
3351,,,2012,2015
3352,,,2012,2015
3353,,,2008,2015
3354,,,2014,2015
3355,,,2012,2015
3356,,,2009,2015
3357,,,2014,2015
3358,41.2664307,-85.84022142296082,2009,2015
3359,37.6535403,-122.4168664,2013,2015
3360,,,2013,2015
3361,,,2006,2015
3362,,,2014,2015
3363,,,2014,2015
3364,,,2014,2015
3365,,,2013,2015
3366,,,2013,2015
3367,,,2013,2015
3368,,,2008,2015
3369,,,2008,2015
3370,41.2664307,-85.84022142296082,2013,2015
3371,,,2013,2015
3372,,,2014,2015
3373,,,2004,2015
3374,,,2013,2015
3375,,,2014,2015
3376,,,2010,2015
3377,,,2013,2015
3378,,,2011,2015
3379,,,2012,2015
3380,,,2010,2015
3381,,,2013,2015
3382,32.8726508,-117.2020734,2012,2015
3383,,,2014,2015
3384,,,2013,2016
3385,,,2006,2016
3386,,,2014,2016
3387,,,2014,2016
3388,,,2015,2016
3389,,,2014,2016
3390,,,2013,2016
3391,,,2008,2016
3392,41.82686925,-71.40124506686722,2013,2016
3393,40.7598382,-73.8326456,2013,2016
3394,,,2014,2016
3395,42.450550699999994,-76.47835129554275,2009,2016
3396,,,2014,2016
3397,,,2012,2016
3398,,,2010,2016
3399,34.13701375,-118.1252882487961,2013,2016
3400,,,2013,2016
3401,,,2014,2016
3402,,,2007,2016
3403,,,2012,2016
3404,,,2013,2016
3405,40.7598382,-73.8326456,2015,2016
3406,53.40724285,-2.965833661018871,2010,2016
3407,,,2014,2016
3408,45.10543655,-93.46723274487427,2013,2016
3409,,,2013,2016
3410,,,2005,2016
3411,,,2012,2016
3412,,,2013,2016
3413,,,2013,2016
3414,,,2006,2016
3415,42.2538509,-72.3596157,2014,2016
3416,40.5860647,-74.6318976,2014,2016
3417,38.99203005,-76.94610290199051,2011,2016
3418,,,2013,2016
3419,40.4929271,-74.44520167306827,2014,2016
3420,37.6535403,-122.4168664,2013,2016
3421,,,2011,2016
3422,,,2011,2016
3423,,,2014,2016
3424,,,2012,2016
3425,37.6535403,-122.4168664,2014,2016
3426,,,2013,2016
3427,,,2014,2016
3428,,,2013,2016
3429,,,2009,2016
3430,,,2013,2016
3431,,,2013,2016
3432,,,2013,2016
3433,,,2012,2016
3434,,,2010,2016
3435,,,2013,2016
3436,,,2013,2016
3437,37.7641587,-122.4020123,2011,2016
3438,,,2014,2016
3439,,,2014,2016
3440,,,2013,2016
3441,,,2011,2016
3442,,,2013,2016
3443,,,2012,2016
3444,34.66869155,-82.83743475607795,2012,2016
3445,,,2009,2016
3446,,,2009,2016
3447,,,2012,2016
3448,,,2013,2016
3449,,,2012,2016
3450,,,2013,2016
3451,41.50138695,-81.60070216159022,2012,2016
3452,,,2010,2016
3453,,,2013,2016
3454,,,2012,2016
3455,,,2010,2016
3456,41.2664307,-85.84022142296082,2013,2016
3457,38.895847950000004,-77.03654431512868,2013,2016
3458,,,2013,2016
3459,33.791570300000004,-84.31837261650668,2012,2016
3460,40.5860647,-74.6318976,2013,2016
3461,,,2012,2016
3462,,,2013,2016
3463,,,2011,2016
3464,,,2014,2016
3465,,,2014,2016
3466,,,2014,2016
3467,,,2014,2016
3468,,,2012,2016
3469,37.26573,-121.9574641,2014,2016
3470,,,2013,2016
3471,,,2012,2016
3472,,,2007,2016
3473,,,2014,2016
3474,42.450550699999994,-76.47835129554275,2013,2016
3475,,,2015,2016
3476,,,2014,2016
3477,,,2012,2016
3478,,,2009,2016
3479,,,2012,2016
3480,33.992829799999996,-81.02685165712111,2014,2016
3481,,,2015,2016
3482,,,2013,2016
3483,,,2013,2016
3484,,,2011,2016
3485,,,2014,2016
3486,,,2008,2016
3487,,,2012,2016
3488,,,2009,2016
3489,,,2014,2016
3490,40.5860647,-74.6318976,2015,2016
3491,,,2014,2016
3492,,,2009,2016
3493,45.48052625,9.231668515646097,2011,2016
3494,,,2014,2016
3495,46.7337724,-117.14976069286374,2007,2016
3496,,,2009,2016
3497,,,2015,2016
3498,,,2011,2016
3499,,,2013,2016
3500,,,2015,2016
3501,,,2013,2016
3502,,,2008,2016
3503,,,2015,2016
3504,37.6535403,-122.4168664,2014,2016
3505,37.6535403,-122.4168664,2014,2016
3506,42.2538509,-72.3596157,2013,2016
3507,36.14380105,-86.80281889095295,2009,2016
3508,,,2013,2016
3509,,,2013,2016
3510,40.7421254,-74.17903159685589,2010,2016
3511,,,2011,2016
3512,,,2013,2016
3513,,,2014,2016
3514,47.6543238,-122.30800894320257,2009,2016
3515,36.77950495,-76.09297200361628,2013,2016
3516,,,2014,2016
3517,,,2014,2016
3518,,,2013,2016
3519,40.84431,-81.375651,2015,2016
3520,,,2014,2016
3521,,,2012,2016
3522,,,2011,2016
3523,,,2008,2016
3524,,,2013,2016
3525,,,2011,2016
3526,,,2014,2016
3527,35.655730250000005,-97.47032859449375,2015,2016
3528,,,2013,2016
3529,39.60322875,-104.8391371147502,2014,2016
3530,,,2004,2016
3531,,,2014,2016
3532,,,2015,2016
3533,,,2011,2016
3534,,,2014,2016
3535,,,2015,2016
3536,,,2015,2016
3537,,,2015,2016
3538,,,2013,2016
3539,,,2014,2016
3540,,,2015,2016
3541,,,2008,2016
3542,,,2010,2016
3543,47.1099114,-88.55115132910507,2013,2016
3544,,,2015,2016
3545,,,2014,2016
3546,,,2013,2016
3547,,,2009,2016
3548,,,2013,2016
3549,33.2098879,-97.15147474975808,2014,2016
3550,,,2014,2016
3551,,,2013,2016
3552,,,2014,2016
3553,,,2002,2016
3554,40.4929271,-74.44520167306827,2014,2016
3555,40.7211872,-111.8937371,2015,2016
3556,,,2012,2016
3557,,,2013,2016
3558,42.3582393,-71.09663495185691,2014,2016
3559,,,2007,2016
3560,,,2015,2016
3561,,,2013,2016
3562,39.0568829,-76.8751037,2013,2016
3563,,,2015,2016
3564,,,2012,2016
3565,,,2014,2016
3566,,,2015,2016
3567,,,2013,2016
3568,37.6535403,-122.4168664,2015,2016
3569,,,2010,2016
3570,,,2007,2016
3571,36.77950495,-76.09297200361628,2015,2016
3572,,,2013,2016
3573,,,2015,2016
3574,,,2010,2016
3575,,,2013,2016
3576,,,2011,2016
3577,,,2014,2016
3578,,,2013,2016
3579,,,2015,2016
3580,,,2014,2016
3581,,,2014,2016
3582,,,2013,2016
3583,,,2012,2016
3584,,,2009,2016
3585,,,2013,2016
3586,,,2011,2016
3587,,,2007,2016
3588,,,2014,2016
3589,,,2015,2016
3590,,,2013,2016
3591,26.6946225,-81.5743277,2013,2016
3592,38.99203005,-76.94610290199051,2012,2016
3593,,,2014,2016
3594,,,2014,2016
3595,,,2010,2016
3596,,,2014,2016
3597,22.2438092,114.1464612,2015,2016
3598,,,2014,2016
3599,,,2010,2016
3600,,,2012,2016
3601,,,2010,2016
3602,,,2013,2016
3603,,,2012,2016
3604,,,2014,2016
3605,,,2012,2016
3606,,,2015,2016
3607,,,2015,2016
3608,,,2014,2016
3609,,,2012,2016
3610,,,2007,2016
3611,,,2013,2016
3612,,,2011,2016
3613,,,2011,2016
3614,29.825009,-95.478675,2014,2016
3615,,,2014,2016
3616,,,2016,2016
3617,,,2009,2016
3618,,,2015,2016
3619,,,2011,2016
3620,,,2014,2016
3621,,,2012,2016
3622,,,2013,2016
3623,,,2014,2016
3624,,,2011,2016
3625,,,2011,2016
3626,,,2015,2016
3627,,,2008,2016
3628,42.3582393,-71.09663495185691,2012,2016
3629,,,2013,2016
3630,,,2014,2016
3631,42.3582393,-71.09663495185691,2014,2016
3632,36.14380105,-86.80281889095295,2013,2016
3633,,,2008,2016
3634,,,2014,2016
3635,,,2015,2016
3636,,,2012,2016
3637,,,2015,2016
3638,,,2013,2016
3639,,,2014,2016
3640,40.7421254,-74.17903159685589,2012,2016
3641,,,2012,2016
3642,,,2012,2016
3643,,,2014,2016
3644,,,2009,2016
3645,,,2014,2016
3646,,,2012,2016
3647,,,2015,2016
3648,42.3582393,-71.09663495185691,2014,2016
3649,,,2015,2016
3650,,,2013,2016
3651,,,2014,2016
3652,,,2012,2016
3653,,,2014,2016
3654,41.2664307,-85.84022142296082,2015,2016
3655,,,2008,2016
3656,,,2014,2016
3657,,,2008,2016
3658,,,2014,2016
3659,,,2012,2016
3660,,,2014,2016
3661,,,2013,2016
3662,,,2012,2016
3663,,,2015,2016
3664,,,2013,2016
3665,,,2015,2016
3666,,,2010,2016
3667,,,2012,2016
3668,26.2701194,-81.79169993265114,2013,2016
3669,33.791570300000004,-84.31837261650668,2011,2016
3670,,,2010,2016
3671,,,2012,2016
3672,,,2014,2016
3673,,,2010,2016
3674,39.5400089,-104.8580856,2012,2016
3675,,,2012,2016
3676,,,2015,2016
3677,,,2014,2016
3678,,,2015,2016
3679,,,2013,2016
3680,28.9799668,-82.5665827,2014,2016
3681,,,2013,2016
3682,,,2011,2016
3683,,,2011,2016
3684,26.6946225,-81.5743277,2015,2016
3685,,,2016,2016
3686,,,2010,2016
3687,,,2013,2016
3688,,,2008,2016
3689,53.73601015,-0.35457616483413557,2005,2016
3690,,,2011,2016
3691,,,2014,2017
3692,,,2015,2017
3693,,,2015,2017
3694,,,2009,2017
3695,,,2014,2017
3696,,,2011,2017
3697,,,2009,2017
3698,,,2013,2017
3699,,,2013,2017
3700,,,2015,2017
3701,,,2014,2017
3702,,,2014,2017
3703,,,2011,2017
3704,,,2008,2017
3705,,,2015,2017
3706,,,2007,2017
3707,,,2011,2017
3708,40.6056734,-112.0570618,2014,2017
3709,26.6946225,-81.5743277,2014,2017
3710,,,2015,2017
3711,29.825009,-95.478675,2015,2017
3712,,,2016,2017
3713,,,2011,2017
3714,41.704567749999995,-86.23822026017265,2014,2017
3715,,,2012,2017
3716,,,2016,2017
3717,,,2015,2017
3718,,,2015,2017
3719,41.2664307,-85.84022142296082,2013,2017
3720,,,2016,2017
3721,,,2008,2017
3722,,,2015,2017
3723,,,2014,2017
3724,,,2012,2017
3725,29.825009,-95.478675,2015,2017
3726,,,2007,2017
3727,,,2014,2017
3728,,,2014,2017
3729,,,2014,2017
3730,,,2015,2017
3731,37.546124649999996,-77.45406089907547,2010,2017
3732,,,2009,2017
3733,,,2010,2017
3734,40.7598382,-73.8326456,2013,2017
3735,,,2015,2017
3736,,,2012,2017
3737,,,2014,2017
3738,,,2014,2017
3739,,,2014,2017
3740,,,2014,2017
3741,,,2012,2017
3742,,,2009,2017
3743,,,2011,2017
3744,,,2014,2017
3745,,,2014,2017
3746,,,2015,2017
3747,,,2015,2017
3748,,,2005,2017
3749,,,2014,2017
3750,,,2011,2017
3751,,,2009,2017
3752,42.40649125,-71.11800725402092,2011,2017
3753,,,2011,2017
3754,,,2015,2017
3755,26.2701194,-81.79169993265114,2014,2017
3756,,,2014,2017
3757,,,2011,2017
3758,,,2011,2017
3759,,,2007,2017
3760,,,2014,2017
3761,,,2012,2017
3762,,,2016,2017
3763,,,2011,2017
3764,,,2013,2017
3765,,,2015,2017
3766,,,2014,2017
3767,,,2010,2017
3768,,,2014,2017
3769,,,2015,2017
3770,,,2014,2017
3771,,,2012,2017
3772,,,2012,2017
3773,,,2015,2017
3774,,,2014,2017
3775,,,2014,2017
3776,,,2008,2017
3777,,,2015,2017
3778,,,2015,2017
3779,,,2011,2017
3780,,,2013,2017
3781,48.11920765,-1.696073977992143,2015,2017
3782,,,2015,2017
3783,,,2016,2017
3784,,,2014,2017
3785,,,2012,2017
3786,,,2013,2017
3787,,,2007,2017
3788,29.825009,-95.478675,2013,2017
3789,,,2015,2017
3790,37.6535403,-122.4168664,2014,2017
3791,40.7598382,-73.8326456,2015,2017
3792,,,2014,2017
3793,,,2011,2017
3794,,,2015,2017
3795,,,2015,2017
3796,29.825009,-95.478675,2012,2017
3797,,,2015,2017
3798,40.6068028,-75.3782488,2012,2017
3799,,,2012,2017
3800,,,2013,2017
3801,,,2016,2017
3802,41.2664307,-85.84022142296082,2012,2017
3803,,,2014,2017
3804,,,2015,2017
3805,,,2015,2017
3806,30.3183338,-97.674904,2011,2017
3807,22.2438092,114.1464612,2016,2017
3808,,,2013,2017
3809,,,2007,2017
3810,,,2014,2017
3811,,,2016,2017
3812,,,2015,2017
3813,,,2013,2017
3814,38.9265622,-94.7211894,2015,2017
3815,,,2016,2017
3816,,,2014,2017
3817,,,2013,2017
3818,,,2012,2017
3819,,,2013,2017
3820,,,2013,2017
3821,41.2381017,-85.8530544,2015,2017
3822,,,2014,2017
3823,,,2014,2017
3824,,,2016,2017
3825,,,2015,2017
3826,,,2013,2017
3827,,,2015,2017
3828,,,2015,2017
3829,,,2015,2017
3830,,,2011,2017
3831,,,2013,2017
3832,,,2014,2017
3833,,,2016,2017
3834,,,2013,2017
3835,,,2014,2017
3836,,,2013,2017
3837,,,2008,2017
3838,,,2015,2017
3839,,,2014,2017
3840,40.6068028,-75.3782488,2011,2017
3841,,,2016,2017
3842,,,2016,2017
3843,,,2009,2017
3844,,,2016,2017
3845,29.7802972,-82.47041565,2014,2017
3846,29.825009,-95.478675,2015,2017
3847,41.82175755,-72.24277535505323,2013,2017
3848,,,2011,2017
3849,,,2013,2017
3850,,,2010,2017
3851,,,2015,2017
3852,37.6535403,-122.4168664,2013,2017
3853,,,2013,2017
3854,,,2011,2017
3855,,,2015,2017
3856,,,2015,2017
3857,,,2016,2017
3858,37.6535403,-122.4168664,2013,2017
3859,42.450550699999994,-76.47835129554275,2012,2017
3860,47.21118395,-1.5553944865357119,2011,2017
3861,,,2007,2017
3862,,,2015,2017
3863,,,2013,2017
3864,,,2014,2017
3865,,,2015,2017
3866,37.38266525,-121.92966247432815,2014,2017
3867,,,2015,2017
3868,,,2015,2017
3869,,,2015,2017
3870,,,2015,2017
3871,,,2012,2017
3872,,,2015,2017
3873,,,2014,2017
3874,,,2016,2017
3875,,,2014,2017
3876,,,2014,2017
3877,,,2015,2017
3878,,,2011,2017
3879,,,2011,2017
3880,,,2013,2017
3881,40.5860647,-74.6318976,2015,2017
3882,40.5860647,-74.6318976,2015,2017
3883,,,2014,2017
3884,,,2014,2017
3885,,,2014,2017
3886,,,2014,2017
3887,43.017112850000004,-76.11855360009726,2014,2017
3888,,,2007,2017
3889,,,2010,2017
3890,,,2012,2017
3891,42.450550699999994,-76.47835129554275,2011,2017
3892,,,2015,2017
3893,36.77950495,-76.09297200361628,2014,2017
3894,,,2016,2017
3895,,,2012,2017
3896,,,2014,2017
3897,26.2701194,-81.79169993265114,2015,2017
3898,,,2016,2017
3899,,,2015,2017
3900,,,2015,2017
3901,,,2014,2017
3902,40.4929271,-74.44520167306827,2014,2017
3903,,,2008,2017
3904,,,2015,2017
3905,29.7802972,-82.47041565,2010,2017
3906,,,2014,2017
3907,,,2014,2017
3908,25.71727245,-80.27870688083459,2010,2017
3909,,,2013,2017
3910,,,2015,2017
3911,,,2012,2017
3912,,,2015,2017
3913,53.474855250000005,-2.2336140230927333,2011,2017
3914,,,2014,2017
3915,,,2009,2017
3916,29.44412035,-98.61361086302894,2015,2017
3917,,,2008,2017
3918,40.7421254,-74.17903159685589,2016,2017
3919,,,2015,2017
3920,,,2014,2017
3921,,,2012,2017
3922,,,2016,2017
3923,36.77950495,-76.09297200361628,2016,2017
3924,,,2008,2017
3925,,,2017,2017
3926,,,2015,2017
3927,,,2013,2017
3928,41.2664307,-85.84022142296082,2015,2017
3929,,,2013,2017
3930,,,2012,2017
3931,,,2015,2017
3932,,,2015,2017
3933,,,2016,2017
3934,,,2015,2017
3935,,,2015,2017
3936,,,2015,2017
3937,46.7337724,-117.14976069286374,2015,2017
3938,,,2015,2017
3939,,,2014,2017
3940,,,2013,2017
3941,,,2014,2017
3942,,,2016,2017
3943,,,2015,2017
3944,,,2012,2017
3945,36.14380105,-86.80281889095295,2013,2017
3946,,,2016,2017
3947,,,2015,2017
3948,,,2015,2017
3949,33.791570300000004,-84.31837261650668,2016,2017
3950,33.992829799999996,-81.02685165712111,2016,2017
3951,39.60322875,-104.8391371147502,2015,2017
3952,36.77950495,-76.09297200361628,2011,2017
3953,,,2014,2017
3954,,,2016,2017
3955,40.7598382,-73.8326456,2014,2017
3956,,,2015,2017
3957,,,2015,2017
3958,,,2014,2017
3959,,,2015,2017
3960,,,2012,2017
3961,,,2016,2017
3962,39.60322875,-104.8391371147502,2015,2017
3963,,,2016,2017
3964,,,2014,2017
3965,,,2016,2017
3966,,,2015,2017
3967,,,2015,2017
3968,,,2014,2017
3969,,,2012,2017
3970,,,2013,2017
3971,,,2012,2017
3972,,,2013,2017
3973,,,2013,2017
3974,,,2010,2017
3975,,,2014,2017
3976,,,2015,2017
3977,,,2016,2017
3978,,,2015,2017
3979,,,2014,2017
3980,,,2016,2017
3981,,,2014,2017
3982,,,2016,2017
3983,,,2014,2017
3984,,,2015,2017
3985,,,2013,2017
3986,,,2016,2017
3987,,,2016,2017
3988,38.91783385,-77.0201005008513,2014,2017
3989,,,2015,2017
3990,,,2016,2018
3991,,,2014,2018
3992,,,2016,2018
3993,,,2014,2018
3994,,,2015,2018
3995,,,2016,2018
3996,,,2016,2018
3997,,,2017,2018
3998,,,2014,2018
3999,,,2014,2018
4000,,,2014,2018
4001,,,2017,2018
4002,,,2011,2018
4003,,,2012,2018
4004,,,2015,2018
4005,,,2016,2018
4006,,,2012,2018
4007,,,2015,2018
4008,,,2017,2018
4009,,,2016,2018
4010,,,2016,2018
4011,42.335679999999996,-71.1060436296658,2014,2018
4012,,,2016,2018
4013,,,2006,2018
4014,,,2015,2018
4015,40.5860647,-74.6318976,2009,2018
4016,,,2013,2018
4017,,,2013,2018
4018,40.4112414,-84.9833572,2015,2018
4019,,,2014,2018
4020,,,2013,2018
4021,,,2016,2018
4022,,,2015,2018
4023,,,2016,2018
4024,,,2016,2018
4025,,,2013,2018
4026,,,2014,2018
4027,,,2016,2018
4028,,,2011,2018
4029,,,2008,2018
4030,,,2015,2018
4031,,,2014,2018
4032,,,2013,2018
4033,,,2013,2018
4034,,,2014,2018
4035,29.825009,-95.478675,2012,2018
4036,,,2011,2018
4037,,,2015,2018
4038,,,2016,2018
4039,,,2016,2018
4040,,,2014,2018
4041,40.444189699999995,-79.94271918393466,2015,2018
4042,,,2016,2018
4043,,,2016,2018
4044,26.2701194,-81.79169993265114,2016,2018
4045,,,2016,2018
4046,,,2014,2018
4047,,,2012,2018
4048,,,2015,2018
4049,,,2008,2018
4050,,,2017,2018
4051,,,2016,2018
4052,,,2014,2018
4053,,,2014,2018
4054,52.24332675,6.850915739203856,2011,2018
4055,,,2014,2018
4056,,,2014,2018
4057,,,2016,2018
4058,,,2016,2018
4059,,,2014,2018
4060,,,2016,2018
4061,42.40649125,-71.11800725402092,2013,2018
4062,,,2013,2018
4063,,,2016,2018
4064,,,2017,2018
4065,36.77950495,-76.09297200361628,2011,2018
4066,38.9034613,-77.0693577,2015,2018
4067,,,2013,2018
4068,,,2015,2018
4069,,,2016,2018
4070,,,2016,2018
4071,,,2015,2018
4072,,,2012,2018
4073,40.7598382,-73.8326456,2015,2018
4074,,,2012,2018
4075,,,2014,2018
4076,,,2016,2018
4077,,,2017,2018
4078,36.14380105,-86.80281889095295,2011,2018
4079,,,2016,2018
4080,36.77950495,-76.09297200361628,2011,2018
4081,,,2016,2018
4082,,,2016,2018
4083,,,2015,2018
4084,,,2015,2018
4085,,,2014,2018
4086,,,2017,2018
4087,36.77950495,-76.09297200361628,2015,2018
4088,39.9574,-75.19026656335703,2015,2018
4089,,,2017,2018
4090,,,2013,2018
4091,,,2013,2018
4092,37.6535403,-122.4168664,2015,2018
4093,,,2016,2018
4094,42.34078235,-71.09176276253288,2013,2018
4095,,,2016,2018
4096,,,2014,2018
4097,,,2015,2018
4098,,,2013,2018
4099,,,2009,2018
4100,34.80809035,135.4578521840802,2014,2018
4101,,,2013,2018
4102,,,2016,2018
4103,29.825009,-95.478675,2017,2018
4104,41.8041978,-88.2746437,2016,2018
4105,,,2017,2018
4106,29.7104775,-95.39580027495086,2015,2018
4107,,,2016,2018
4108,,,2005,2018
4109,,,2015,2018
4110,,,2015,2018
4111,,,2016,2018
4112,,,2015,2018
4113,,,2009,2018
4114,,,2013,2018
4115,,,2014,2018
4116,,,2014,2018
4117,,,2017,2018
4118,,,2016,2018
4119,40.4929271,-74.44520167306827,2016,2018
4120,42.2538509,-72.3596157,2015,2018
4121,,,1997,2002
4122,39.075609,-104.8698511,2002,2004
4123,38.8660691,-77.2380493,2003,2006
4124,38.8660691,-77.2380493,2003,2006
4125,38.8660691,-77.2380493,2003,2006
4126,,,2008,2010
4127,48.888919,-103.008794,2003,2011
4128,,,2005,2012
4129,,,2005,2012
4130,,,2010,2012
4131,,,2014,2016
4132,,,2014,2017
4133,,,2016,2018
4134,,,2017,2020
